id,visitor_id,prospect_id,type,created_at,url,duration_seconds,campaign,source,company_domain,channel
880000,566081,,Download,05/07/2026,/case-studies,426,Always-On Search,linkedin,,social
880001,542823,,Download,2026-07-11 00:00:00,/pricing,277,Webinar Series,direct,,direct
880002,560262,,Visit,2026-07-09 00:00:00,/,691,Q3 Launch,direct,,direct
880003,532374,,Page View,11/07/2026,/pricing,630,,linkedin,,social
880004,575108,,Visit,2026-07-14 00:00:00,/product,792,,linkedin,,social
880005,531227,003dSq7BAsMzOeip2s,Click,Jul 09 2026,/case-studies,877,Q3 Launch,direct,sabah.com,direct
880006,511633,,Page View,2026-07-11 00:00:00,/blog/agentic-ai,164,Q3 Launch,direct,,
880007,582370,,Visit,2026-07-15 00:00:00,/pricing,602,Newsletter,email,,
880008,518416,,Page View,2026-07-14 00:00:00,/case-studies,143,Always-On Search,direct,,
880009,550665,0034Kp57AK0Q8FTBl6,Page View,2026-07-12 00:00:00,/contact,796,,bing,straits.com,paid_search
880010,518406,,Download,2026-07-08 00:00:00,/contact,338,Always-On Search,google,,paid_search
880011,587200,,Download,2026-07-12 00:00:00,/pricing,142,Q3 Launch,linkedin,,social
880012,504530,003oOBGVzbrYIzgfgJ,Visit,2026-07-08 00:00:00,/pricing,763,Q3 Launch,bing,pacific.com,paid_search
880013,535684,,Download,2026-07-07 00:00:00,/demo,420,Always-On Search,bing,,paid_search
880014,548479,,Click,2026-07-10 00:00:00,/pricing,845,Webinar Series,linkedin,,social
880015,500287,,Click,2026-07-15 00:00:00,/demo,557,Q3 Launch,linkedin,,social
880016,573557,003tT8Vs3kvf9rHxYC,Click,2026-07-13 00:00:00,/demo,821,Always-On Search,linkedin,lumina.com,social
880017,561486,,Click,2026-07-09 00:00:00,/contact,458,Webinar Series,direct,,direct
880018,553845,,Download,07/07/2026,/pricing,283,Newsletter,direct,,direct
880019,514931,,Click,05/07/2026,/blog/agentic-ai,615,Q3 Launch,google,,paid_search
880020,529217,003HO1DgljEAXus2tS,Page View,2026-07-06 00:00:00,/product,587,Always-On Search,google,lumina.com,paid_search
880021,566001,,Form Submission,2026-07-11 00:00:00,/product,246,Q3 Launch,email,,email
880022,514893,003zxgJgL2leXYC0VW,Click,2026-07-09 00:00:00,/case-studies,899,Q3 Launch,email,lumina.com,
880023,569032,,Form Submission,2026-07-12 00:00:00,/pricing,751,Q3 Launch,google,,
880024,595382,,Form Submission,2026-07-14 00:00:00,/pricing,279,Webinar Series,bing,,paid_search
880025,535407,003leygdPNcc2Vk7xE,Page View,Jul 07 2026,/product,799,Newsletter,bing,meridian.com,paid_search
880026,535613,0039dOnvbLvkGO5FvE,Page View,2026-07-13 00:00:00,/demo,419,,linkedin,johor.com,
880027,592361,,Form Submission,2026-07-14 00:00:00,/,110,Webinar Series,direct,,direct
880028,520818,003e9k8XA1wJ6glkhd,Click,2026-07-11 00:00:00,/case-studies,595,Webinar Series,email,lotus.com,
880029,587564,003W4dZ2v2dIiMtvbC,Download,2026-07-15 00:00:00,/,652,Always-On Search,bing,bharat.com,paid_search
880030,547871,,Page View,07/07/2026,/case-studies,681,,email,,email
880031,564208,003yDzRUt7uV8voYAZ,Download,2026-07-09 00:00:00,/case-studies,348,Webinar Series,direct,andaman.com,direct
880032,523576,003mk7P8B7O8Tk4M38,Click,05/07/2026,/pricing,458,,bing,andaman.com,paid_search
880033,526590,,Page View,2026-07-09 00:00:00,/blog/agentic-ai,538,Always-On Search,bing,,paid_search
880034,587415,003zGvsU55UC7Ep3Fv,Visit,14/07/2026,/blog/agentic-ai,48,Webinar Series,linkedin,meridian.com,social
880035,547321,00339p4BY9ZPVCzAqd,Visit,05/07/2026,/contact,91,,linkedin,summit.com,
880036,512857,,Click,2026-07-06 00:00:00,/pricing,748,Q3 Launch,linkedin,,social
880037,553007,003gF41vvjhfxjw0U8,Download,2026-07-13 00:00:00,/product,247,Q3 Launch,google,pacific.com,paid_search
880038,544052,,Visit,2026-07-11 00:00:00,/pricing,423,,email,,email
880039,576099,003snsSNc31BW1Ojii,Download,Jul 06 2026,/contact,540,Always-On Search,email,klang.com,email
880040,572081,,Visit,2026-07-14 00:00:00,/contact,72,Webinar Series,google,,paid_search
880041,517486,,Form Submission,2026-07-15 00:00:00,/blog/agentic-ai,192,,direct,,direct
880042,591943,,Form Submission,2026-07-12 00:00:00,/blog/agentic-ai,805,Webinar Series,email,,email
880043,516520,003e9k8XA1wJ6glkhd,Visit,2026-07-10 00:00:00,/demo,692,Q3 Launch,linkedin,orion.com,social
880044,587022,003vriF5P63luchp9A,Download,2026-07-11 00:00:00,/,119,Newsletter,google,lumina.com,paid_search
880045,582228,0032kprEnDkDmvntmO,Page View,2026-07-14 00:00:00,/product,523,Q3 Launch,bing,northgate.com,paid_search
880046,530680,003hj8MRa5GGQVGTED,Form Submission,2026-07-10 00:00:00,/contact,836,Webinar Series,bing,lumina.com,paid_search
880047,523642,,Form Submission,Jul 06 2026,/pricing,714,Q3 Launch,google,,paid_search
880048,521494,003dSq7BAsMzOeip2s,Visit,2026-07-09 00:00:00,/contact,880,Webinar Series,email,highland.com,email
880049,562271,0039dOnvbLvkGO5FvE,Click,2026-07-14 00:00:00,/blog/agentic-ai,744,Newsletter,linkedin,johor.com,social
880050,527917,003blM0OJ6mHvqPbbV,Visit,2026-07-10 00:00:00,/case-studies,667,,bing,kirana.com,paid_search
880051,560036,,Click,Jul 11 2026,/demo,298,Always-On Search,bing,,paid_search
880052,568949,003tT8Vs3kvf9rHxYC,Page View,2026-07-11 00:00:00,/pricing,608,Webinar Series,bing,lotus.com,paid_search
880053,592377,,Click,2026-07-11 00:00:00,/case-studies,101,Q3 Launch,email,,email
880054,591360,,Click,2026-07-12 00:00:00,/pricing,809,Always-On Search,google,,paid_search
880055,543527,,Download,2026-07-15 00:00:00,/,884,Always-On Search,linkedin,,social
880056,549071,,Form Submission,2026-07-09 00:00:00,/blog/agentic-ai,225,Q3 Launch,email,,email
880057,565486,,Download,2026-07-12 00:00:00,/product,336,Newsletter,bing,,
880058,566530,,Page View,Jul 11 2026,/,866,Newsletter,linkedin,,social
880059,560025,,Click,2026-07-10 00:00:00,/pricing,834,Q3 Launch,google,,paid_search
880060,561894,,Page View,2026-07-10 00:00:00,/blog/agentic-ai,736,Q3 Launch,email,,email
880061,500139,,Form Submission,Jul 08 2026,/,875,Webinar Series,bing,,paid_search
880062,502072,,Click,2026-07-07 00:00:00,/,206,Q3 Launch,bing,,
880063,564430,,Click,10/07/2026,/pricing,95,Always-On Search,email,,email
880064,543540,,Download,2026-07-15 00:00:00,/case-studies,70,Webinar Series,google,,paid_search
880065,574860,,Form Submission,2026-07-05 00:00:00,/blog/agentic-ai,29,Newsletter,direct,,direct
880066,587558,,Visit,2026-07-09 00:00:00,/pricing,862,Always-On Search,linkedin,,social
880067,574256,003RpNTfclJb0OUUe8,Click,2026-07-15 00:00:00,/pricing,636,Always-On Search,linkedin,everbright.com,social
880068,588522,,Visit,2026-07-12 00:00:00,/blog/agentic-ai,227,Q3 Launch,bing,,paid_search
880069,589542,,Page View,2026-07-05 00:00:00,/,568,Q3 Launch,linkedin,,social
880070,512240,003q3eY8n5JUh6hn5e,Download,2026-07-05 00:00:00,/case-studies,548,Webinar Series,linkedin,harbor.com,
880071,541271,003TTAe7YV378jlm2Z,Form Submission,2026-07-14 00:00:00,/contact,535,,email,lumina.com,email
880072,586652,,Download,2026-07-05 00:00:00,/product,802,Newsletter,bing,,paid_search
880073,582164,,Download,Jul 10 2026,/contact,496,Webinar Series,direct,,direct
880074,549811,,Click,2026-07-14 00:00:00,/blog/agentic-ai,811,Webinar Series,google,,paid_search
880075,506681,,Download,2026-07-14 00:00:00,/case-studies,858,Newsletter,linkedin,,social
880076,587450,,Form Submission,2026-07-14 00:00:00,/,257,Q3 Launch,google,,paid_search
880077,576393,,Page View,2026-07-06 00:00:00,/case-studies,669,Always-On Search,bing,,paid_search
880078,505133,,Download,2026-07-10 00:00:00,/demo,335,Q3 Launch,google,,paid_search
880079,546785,,Click,2026-07-13 00:00:00,/pricing,738,Webinar Series,direct,,direct
880080,508089,,Click,2026-07-11 00:00:00,/case-studies,174,Q3 Launch,email,,email
880081,516041,,Download,2026-07-05 00:00:00,/blog/agentic-ai,82,Webinar Series,email,,email
880082,505130,003Mt2xVzKFS6UVS1X,Download,2026-07-14 00:00:00,/contact,73,Always-On Search,google,andaman.com,paid_search
880083,594235,,Form Submission,2026-07-15 00:00:00,/,348,Q3 Launch,linkedin,,social
880084,520629,,Page View,2026-07-14 00:00:00,/pricing,752,,email,,email
880085,510624,,Form Submission,2026-07-06 00:00:00,/,522,Webinar Series,google,,paid_search
880086,526584,,Click,2026-07-13 00:00:00,/product,403,Webinar Series,direct,,direct
880087,563735,,Download,2026-07-12 00:00:00,/demo,821,,linkedin,,social
880088,595659,,Page View,2026-07-09 00:00:00,/pricing,655,Q3 Launch,linkedin,,social
880089,511374,003qJpbc3hrClcIFuO,Click,2026-07-13 00:00:00,/case-studies,431,,direct,highland.com,direct
880090,539557,,Click,06/07/2026,/contact,333,Newsletter,linkedin,,social
880091,567568,,Form Submission,05/07/2026,/demo,618,Webinar Series,direct,,direct
880092,531775,,Click,2026-07-13 00:00:00,/product,418,Webinar Series,google,,paid_search
880093,524885,,Click,2026-07-08 00:00:00,/pricing,794,Webinar Series,direct,,direct
880094,590330,003dSq7BAsMzOeip2s,Download,2026-07-11 00:00:00,/blog/agentic-ai,191,Webinar Series,bing,sabah.com,paid_search
880095,580937,003aWNXPWFPn6ZfzWQ,Visit,2026-07-10 00:00:00,/case-studies,378,Q3 Launch,direct,andaman.com,direct
880096,501795,,Form Submission,2026-07-10 00:00:00,/pricing,603,Webinar Series,linkedin,,social
880097,519041,,Download,2026-07-05 00:00:00,/,221,,google,,paid_search
880098,597199,003sNGixBTRY5NKMY9,Page View,2026-07-14 00:00:00,/contact,67,Newsletter,email,bharat.com,email
880099,593373,003leygdPNcc2Vk7xE,Click,2026-07-11 00:00:00,/contact,793,Always-On Search,email,lumina.com,email
880100,521426,,Download,2026-07-11 00:00:00,/case-studies,732,Q3 Launch,bing,,paid_search
880101,541190,,Download,2026-07-11 00:00:00,/,242,Always-On Search,google,,paid_search
880102,517792,,Visit,2026-07-08 00:00:00,/pricing,614,Q3 Launch,google,,paid_search
880103,534541,003vriF5P63luchp9A,Click,11/07/2026,/pricing,558,Newsletter,linkedin,mekong.com,social
880104,538857,,Download,2026-07-12 00:00:00,/,894,Newsletter,linkedin,,social
880105,540760,003vriF5P63luchp9A,Download,2026-07-15 00:00:00,/case-studies,691,,email,mekong.com,email
880106,531752,,Click,2026-07-06 00:00:00,/pricing,770,Newsletter,email,,email
880107,587848,0038lsG6yy7CXcdEmA,Page View,2026-07-05 00:00:00,/contact,730,Newsletter,linkedin,pacific.com,social
880108,575985,003vSm1cXIKdObrpEr,Form Submission,2026-07-11 00:00:00,/blog/agentic-ai,415,Webinar Series,direct,lumina.com,
880109,573829,,Page View,2026-07-07 00:00:00,/contact,895,Q3 Launch,email,,email
880110,583609,003Cz5BK79Vc8PxESN,Visit,2026-07-11 00:00:00,/pricing,391,Always-On Search,bing,lumina.com,paid_search
880111,516459,003r4UPWYyigjcqffH,Click,2026-07-09 00:00:00,/demo,523,Webinar Series,linkedin,highland.com,social
880112,545347,,Click,2026-07-06 00:00:00,/contact,407,Newsletter,bing,,paid_search
880113,584629,,Download,2026-07-11 00:00:00,/product,696,Webinar Series,google,,paid_search
880114,590678,,Form Submission,2026-07-08 00:00:00,/pricing,477,Q3 Launch,bing,,paid_search
880115,560483,,Page View,2026-07-10 00:00:00,/case-studies,482,Newsletter,email,,email
880116,502991,,Form Submission,Jul 15 2026,/,64,Always-On Search,google,,paid_search
880117,525449,003foruN2bI7irZa7S,Visit,2026-07-05 00:00:00,/pricing,175,Always-On Search,direct,northern.com,direct
880118,523902,0033mj4VEg9rs779TN,Page View,2026-07-07 00:00:00,/contact,183,Always-On Search,linkedin,nexus.com,social
880119,529652,003U9ntar9qHDO0O2g,Visit,2026-07-12 00:00:00,/,629,Q3 Launch,bing,zenith.com,paid_search
880120,527539,,Download,2026-07-07 00:00:00,/contact,780,,bing,,paid_search
880121,539839,003EHGL4D4Vo3txzQT,Download,2026-07-12 00:00:00,/product,749,Webinar Series,direct,andaman.com,direct
880122,556598,,Form Submission,2026-07-09 00:00:00,/case-studies,846,Webinar Series,bing,,paid_search
880123,552943,,Click,2026-07-06 00:00:00,/product,259,Webinar Series,direct,,direct
880124,515335,003VfCyg8Ht0V7Fj77,Visit,2026-07-14 00:00:00,/case-studies,525,Webinar Series,email,bharat.com,email
880125,573173,,Form Submission,2026-07-07 00:00:00,/demo,236,Always-On Search,linkedin,,social
880126,545127,003dSq7BAsMzOeip2s,Page View,2026-07-08 00:00:00,/,259,Q3 Launch,google,andaman.com,paid_search
880127,568741,00339p4BY9ZPVCzAqd,Page View,2026-07-09 00:00:00,/pricing,138,Newsletter,bing,nexus.com,paid_search
880128,523039,003oE5P6hX3idrPYJM,Visit,2026-07-07 00:00:00,/contact,832,Always-On Search,linkedin,sunrise.com,social
880129,561110,,Visit,2026-07-15 00:00:00,/case-studies,751,Always-On Search,linkedin,,social
880130,503069,,Click,2026-07-08 00:00:00,/pricing,432,Webinar Series,google,,paid_search
880131,555191,0038fTcys9JCPx7ZYQ,Download,2026-07-07 00:00:00,/pricing,303,Always-On Search,bing,orion.com,paid_search
880132,518105,,Download,2026-07-15 00:00:00,/pricing,528,Q3 Launch,bing,,paid_search
880133,535922,,Page View,2026-07-10 00:00:00,/pricing,234,Newsletter,direct,,direct
880134,549905,003Ua1adavpWKR9c2s,Download,2026-07-07 00:00:00,/contact,129,,email,sabah.com,email
880135,595882,,Visit,2026-07-08 00:00:00,/case-studies,735,Q3 Launch,direct,,direct
880136,556923,,Form Submission,2026-07-05 00:00:00,/pricing,168,Newsletter,direct,,direct
880137,551866,,Visit,2026-07-05 00:00:00,/blog/agentic-ai,552,Newsletter,direct,,direct
880138,564321,,Page View,2026-07-09 00:00:00,/blog/agentic-ai,501,Always-On Search,google,,paid_search
880139,519864,,Click,2026-07-06 00:00:00,/pricing,117,Always-On Search,linkedin,,
880140,535117,003QYoqD7N5s2QrSBT,Click,2026-07-13 00:00:00,/demo,487,Newsletter,linkedin,brightwave.com,social
880141,523694,,Download,2026-07-08 00:00:00,/contact,449,Always-On Search,direct,,direct
880142,526421,,Form Submission,2026-07-15 00:00:00,/,877,Q3 Launch,email,,email
880143,597655,,Download,2026-07-09 00:00:00,/pricing,309,Newsletter,bing,,paid_search
880144,536424,003GMPRbtpqAKZ82id,Visit,2026-07-12 00:00:00,/pricing,50,,email,highland.com,email
880145,543187,,Visit,2026-07-15 00:00:00,/case-studies,801,,direct,,direct
880146,505371,003BdQsRYOo6hA2DJ5,Click,2026-07-13 00:00:00,/pricing,387,Webinar Series,email,kirana.com,email
880147,588745,003NbW3VTYMpvA4aBs,Form Submission,2026-07-06 00:00:00,/,893,Q3 Launch,direct,andaman.com,direct
880148,501349,,Form Submission,2026-07-11 00:00:00,/demo,330,Always-On Search,google,,paid_search
880149,511144,,Click,2026-07-10 00:00:00,/pricing,367,,direct,,direct
880150,510628,,Visit,2026-07-15 00:00:00,/demo,418,Always-On Search,google,,paid_search
880151,512390,,Page View,15/07/2026,/demo,363,Newsletter,google,,
880152,527893,,Click,2026-07-08 00:00:00,/contact,649,,email,,email
880153,541018,003GkoblyoazHXA4yo,Visit,2026-07-09 00:00:00,/demo,19,,email,andaman.com,email
880154,526904,003rH1ESExnO8SEB8M,Click,2026-07-15 00:00:00,/case-studies,151,Webinar Series,direct,sunrise.com,direct
880155,538905,,Page View,2026-07-12 00:00:00,/demo,557,Webinar Series,linkedin,,social
880156,537004,,Click,15/07/2026,/case-studies,551,,email,,email
880157,541858,003tCTcFQnlCxeKzeF,Click,2026-07-07 00:00:00,/product,762,,email,orion.com,email
880158,576768,,Download,2026-07-09 00:00:00,/demo,386,,bing,,paid_search
880159,568950,,Download,2026-07-13 00:00:00,/product,889,Q3 Launch,google,,paid_search
880160,569700,003EHGL4D4Vo3txzQT,Click,08/07/2026,/,829,,google,andaman.com,paid_search
880161,505783,,Click,2026-07-15 00:00:00,/,645,Q3 Launch,linkedin,,social
880162,547492,003S1oCTn59LBikBrV,Page View,2026-07-06 00:00:00,/,6,Webinar Series,email,straits.com,email
880163,591232,,Visit,2026-07-10 00:00:00,/demo,416,Newsletter,direct,,
880164,502155,003GkoblyoazHXA4yo,Visit,2026-07-09 00:00:00,/pricing,824,Webinar Series,bing,everbright.com,paid_search
880165,563807,,Page View,13/07/2026,/pricing,394,,email,,email
880166,587704,,Form Submission,2026-07-12 00:00:00,/,736,Always-On Search,bing,,paid_search
880167,561020,,Download,2026-07-14 00:00:00,/,612,Q3 Launch,email,,email
880168,511147,,Visit,2026-07-11 00:00:00,/pricing,270,,bing,,paid_search
880169,586432,,Download,06/07/2026,/case-studies,273,Always-On Search,email,,email
880170,591117,003p7rC5YwVTNekUnZ,Click,2026-07-12 00:00:00,/demo,733,Q3 Launch,bing,brightwave.com,paid_search
880171,561333,,Download,2026-07-08 00:00:00,/,127,Newsletter,email,,email
880172,528087,,Form Submission,Jul 12 2026,/pricing,358,Webinar Series,linkedin,,social
880173,515385,003vSm1cXIKdObrpEr,Click,2026-07-05 00:00:00,/pricing,92,,google,zenith.com,
880174,568000,,Click,2026-07-14 00:00:00,/pricing,248,Q3 Launch,linkedin,,social
880175,520230,,Click,2026-07-12 00:00:00,/pricing,265,Newsletter,bing,,paid_search
880176,514157,,Download,2026-07-07 00:00:00,/pricing,214,Q3 Launch,google,,paid_search
880177,567541,,Visit,2026-07-07 00:00:00,/product,409,Webinar Series,linkedin,,social
880178,541095,,Page View,2026-07-05 00:00:00,/,365,Webinar Series,email,,email
880179,565915,,Visit,2026-07-07 00:00:00,/product,800,,direct,,direct
880180,529685,,Visit,Jul 06 2026,/,679,Newsletter,email,,email
880181,557811,,Form Submission,2026-07-15 00:00:00,/pricing,29,Always-On Search,email,,email
880182,588980,,Visit,2026-07-10 00:00:00,/pricing,763,Q3 Launch,bing,,paid_search
880183,524550,,Form Submission,2026-07-12 00:00:00,/,753,,bing,,paid_search
880184,513115,0036IpmfT3noEy0NAU,Form Submission,2026-07-15 00:00:00,/,315,,linkedin,zenith.com,social
880185,540881,,Page View,Jul 13 2026,/pricing,182,Q3 Launch,linkedin,,social
880186,579552,003jOff2KR4ea8nKPy,Download,2026-07-09 00:00:00,/demo,320,Q3 Launch,bing,kirana.com,paid_search
880187,576309,,Click,2026-07-10 00:00:00,/demo,715,Webinar Series,direct,,direct
880188,528188,,Form Submission,Jul 07 2026,/pricing,677,,linkedin,,
880189,520908,003R2WaD3vKzeg8dua,Download,2026-07-07 00:00:00,/product,29,Webinar Series,linkedin,zenith.com,
880190,529379,,Form Submission,2026-07-05 00:00:00,/pricing,31,Q3 Launch,email,,email
880191,580794,003rSxXve61Lq38YFh,Visit,2026-07-07 00:00:00,/blog/agentic-ai,67,Q3 Launch,bing,lumina.com,paid_search
880192,514741,00328hDV9pZCHmbWv1,Form Submission,2026-07-07 00:00:00,/demo,793,Webinar Series,linkedin,kirana.com,social
880193,572733,003o1KW3FT7J1Wb6gG,Page View,10/07/2026,/pricing,270,Q3 Launch,bing,bharat.com,paid_search
880194,549123,003gF41vvjhfxjw0U8,Visit,2026-07-15 00:00:00,/contact,598,Always-On Search,direct,zenith.com,direct
880195,581977,,Form Submission,Jul 10 2026,/,336,Webinar Series,bing,,paid_search
880196,560107,,Download,2026-07-11 00:00:00,/,653,Q3 Launch,email,,email
880197,592969,,Download,2026-07-09 00:00:00,/pricing,158,Q3 Launch,bing,,paid_search
880198,566730,,Visit,2026-07-10 00:00:00,/contact,31,Newsletter,direct,,direct
880199,557711,003EHGL4D4Vo3txzQT,Download,2026-07-06 00:00:00,/blog/agentic-ai,739,Q3 Launch,google,lotus.com,paid_search
880200,517448,,Click,2026-07-05 00:00:00,/pricing,466,Always-On Search,bing,,paid_search
880201,553255,003HFasaAd1KVpFGWD,Page View,2026-07-05 00:00:00,/pricing,590,Webinar Series,direct,mekong.com,direct
880202,583717,003yOl7wn3BUy2uQA4,Form Submission,2026-07-14 00:00:00,/demo,367,Webinar Series,google,andaman.com,paid_search
880203,592115,003rH1ESExnO8SEB8M,Download,2026-07-08 00:00:00,/pricing,475,Q3 Launch,email,summit.com,email
880204,512492,,Click,2026-07-14 00:00:00,/product,285,,direct,,direct
880205,510178,003vriF5P63luchp9A,Click,2026-07-06 00:00:00,/blog/agentic-ai,866,Webinar Series,google,lumina.com,paid_search
880206,528163,,Visit,2026-07-07 00:00:00,/pricing,210,Always-On Search,email,,email
880207,514447,,Click,2026-07-13 00:00:00,/,736,,email,,email
880208,559507,003j40yPUgr3U4pVAa,Download,2026-07-05 00:00:00,/pricing,357,,email,johor.com,email
880209,507255,003Mt2xVzKFS6UVS1X,Click,2026-07-11 00:00:00,/blog/agentic-ai,118,Always-On Search,email,zenith.com,email
880210,548333,003H691WGD0xx81PYU,Visit,2026-07-07 00:00:00,/contact,516,Always-On Search,direct,highland.com,direct
880211,534607,,Visit,Jul 05 2026,/,304,Webinar Series,linkedin,,social
880212,565590,,Page View,2026-07-09 00:00:00,/,393,,google,,paid_search
880213,565718,,Download,2026-07-09 00:00:00,/contact,633,Q3 Launch,google,,paid_search
880214,503465,,Download,2026-07-12 00:00:00,/product,140,Q3 Launch,linkedin,,social
880215,515871,003qJpbc3hrClcIFuO,Form Submission,2026-07-05 00:00:00,/pricing,481,,linkedin,brightwave.com,social
880216,531009,003HYUk5qeCLEy84w3,Form Submission,2026-07-11 00:00:00,/contact,104,Webinar Series,linkedin,sunrise.com,social
880217,519597,,Visit,2026-07-13 00:00:00,/product,806,Webinar Series,email,,email
880218,586237,,Page View,2026-07-15 00:00:00,/contact,858,Webinar Series,direct,,direct
880219,533405,003rH1ESExnO8SEB8M,Visit,11/07/2026,/pricing,844,Webinar Series,direct,straits.com,direct
880220,676818,003tQLxEJHwBVJvwSD,Visit,2026-07-20 00:00:00,/pricing,502,Q3 Launch,direct,penang-semi.com,direct
880221,676818,003tQLxEJHwBVJvwSD,Form Submission,2026-07-21 00:00:00,/demo,677,Q3 Launch,linkedin,penang-semi.com,social
880222,672036,003uhVI8WSlmnVErUL,Visit,2026-07-21T00:00:00+08:00,/pricing,545,Q3 Launch,direct,penang-semi.com,direct
880223,672036,003uhVI8WSlmnVErUL,Form Submission,Jul 22 2026,/demo,478,Q3 Launch,bing,penang-semi.com,paid_search
880224,629661,003oxltaTIircdJsS8,Visit,2026-07-22,/pricing,710,Q3 Launch,google,penang-semi.com,paid_search
880225,629661,003oxltaTIircdJsS8,Form Submission,2026-07-23T00:00:00+08:00,/demo,776,Q3 Launch,email,penang-semi.com,email
880226,600609,003KsEECvl9dq83Eh0,Visit,2026-07-23,/pricing,533,Q3 Launch,google,penang-semi.com,paid_search
880227,600609,003KsEECvl9dq83Eh0,Form Submission,2026-07-24T00:00:00+08:00,/demo,559,Q3 Launch,linkedin,penang-semi.com,social
880228,609487,,Visit,2026-07-22 00:00:00,/pricing,757,Q3 Launch,bing,penang-semi.com,paid_search
880229,667277,,Visit,2026-07-26T00:00:00+08:00,/pricing,631,Q3 Launch,direct,penang-semi.com,direct
880230,632786,,Visit,2026-07-23T00:00:00+08:00,/pricing,855,Q3 Launch,email,penang-semi.com,email
880231,663390,,Visit,2026-07-26,/pricing,624,Q3 Launch,bing,penang-semi.com,paid_search
880232,689337,,Visit,2026-07-26 00:00:00,/pricing,735,Q3 Launch,direct,penang-semi.com,direct
880233,663172,,Page View,Jul 20 2026,/pricing,810,Q3 Launch,linkedin,munich-auto.de,social
880234,608854,,Page View,2026-07-22T00:00:00+08:00,/case-studies,345,Webinar Series,bing,rivalpardot.com,paid_search
880235,670208,,Visit,Jul 23 2026,/case-studies,389,Webinar Series,bing,competitor-crm.io,paid_search
880236,609965,,Download,Jul 24 2026,/pricing,607,Always-On Search,bing,competitor-crm.io,paid_search
880237,623957,,Download,25/07/2026,/case-studies,314,Newsletter,google,competitor-crm.io,paid_search
880238,634787,,Visit,2026-07-21 00:00:00,/pricing,327,Webinar Series,direct,rivalpardot.com,direct
880239,615712,,Visit,2026-07-20,/case-studies,624,,linkedin,salesloft-clone.com,social
880240,580937,003aWNXPWFPn6ZfzWQ,Download,2026-07-22T00:00:00+08:00,/blog/agentic-ai,372,Always-On Search,bing,andaman.com,paid_search
880241,576768,,Click,2026-07-26T00:00:00+08:00,/pricing,451,Q3 Launch,bing,,paid_search
880242,576768,,Page View,Jul 26 2026,/contact,619,,google,,paid_search
880243,508089,,Click,2026-07-20,/blog/agentic-ai,552,Newsletter,email,,email
880244,508089,,Form Submission,Jul 25 2026,/product,504,Webinar Series,google,,paid_search
880245,545127,003dSq7BAsMzOeip2s,Form Submission,Jul 21 2026,/contact,444,Q3 Launch,linkedin,andaman.com,social
880246,545127,003dSq7BAsMzOeip2s,Page View,2026-07-24,/product,354,Always-On Search,bing,andaman.com,paid_search
880247,588745,003NbW3VTYMpvA4aBs,Download,2026-07-23,/,401,,direct,andaman.com,direct
880248,588745,003NbW3VTYMpvA4aBs,Page View,Jul 25 2026,/demo,53,Webinar Series,google,andaman.com,paid_search
880249,512240,003q3eY8n5JUh6hn5e,Page View,2026-07-20,/demo,436,Q3 Launch,linkedin,harbor.com,social
880250,573173,,Visit,Jul 20 2026,/,436,,linkedin,,social
880251,530680,003hj8MRa5GGQVGTED,Visit,Jul 21 2026,/blog/agentic-ai,429,Always-On Search,google,lumina.com,paid_search
880252,581977,,Page View,Jul 20 2026,/demo,569,Webinar Series,linkedin,,social
880253,581977,,Click,2026-07-22T00:00:00+08:00,/,517,Newsletter,direct,,direct
880254,503069,,Page View,2026-07-24,/blog/agentic-ai,582,Webinar Series,direct,,direct
880255,503069,,Form Submission,2026-07-22,/case-studies,566,,bing,,paid_search
880256,541271,003TTAe7YV378jlm2Z,Visit,22/07/2026,/case-studies,345,Always-On Search,email,lumina.com,email
880257,541190,,Visit,2026-07-22,/pricing,565,Webinar Series,bing,,paid_search
880258,541190,,Form Submission,2026-07-22 00:00:00,/pricing,734,Newsletter,email,,email
880259,549071,,Click,22/07/2026,/contact,266,Q3 Launch,direct,,direct
880260,549071,,Download,2026-07-21,/contact,477,Newsletter,google,,paid_search
880261,514741,00328hDV9pZCHmbWv1,Page View,2026-07-24T00:00:00+08:00,/product,111,Newsletter,google,kirana.com,paid_search
880262,514741,00328hDV9pZCHmbWv1,Click,23/07/2026,/product,694,,bing,kirana.com,paid_search
880263,515871,003qJpbc3hrClcIFuO,Page View,2026-07-24,/demo,326,Q3 Launch,email,brightwave.com,email
880264,523576,003mk7P8B7O8Tk4M38,Form Submission,2026-07-21 00:00:00,/case-studies,222,Always-On Search,linkedin,andaman.com,social
880265,523576,003mk7P8B7O8Tk4M38,Form Submission,22/07/2026,/pricing,220,Q3 Launch,bing,andaman.com,paid_search
880266,535684,,Visit,23/07/2026,/demo,122,Webinar Series,linkedin,,social
880267,535684,,Click,2026-07-23 00:00:00,/case-studies,349,Newsletter,bing,,paid_search
880268,549905,003Ua1adavpWKR9c2s,Visit,2026-07-22,/,798,Webinar Series,linkedin,sabah.com,social
880269,549905,003Ua1adavpWKR9c2s,Visit,Jul 26 2026,/contact,511,Webinar Series,google,sabah.com,paid_search
880270,575985,003vSm1cXIKdObrpEr,Visit,2026-07-26,/pricing,816,Webinar Series,email,lumina.com,email
880271,575985,003vSm1cXIKdObrpEr,Page View,2026-07-25 00:00:00,/blog/agentic-ai,64,Webinar Series,email,lumina.com,email
880272,556598,,Download,2026-07-21 00:00:00,/case-studies,727,Always-On Search,bing,,paid_search
880273,564321,,Click,2026-07-22 00:00:00,/case-studies,683,Always-On Search,google,,paid_search
880274,518416,,Visit,20/07/2026,/demo,678,Newsletter,bing,,paid_search
880275,523039,003oE5P6hX3idrPYJM,Form Submission,2026-07-20T00:00:00+08:00,/pricing,435,Webinar Series,linkedin,sunrise.com,social
880276,523039,003oE5P6hX3idrPYJM,Download,2026-07-26 00:00:00,/blog/agentic-ai,640,Webinar Series,bing,sunrise.com,paid_search
880277,595659,,Page View,2026-07-26 00:00:00,/case-studies,123,,bing,,paid_search
880278,521426,,Click,2026-07-21,/blog/agentic-ai,187,,linkedin,,social
880279,520230,,Click,25/07/2026,/contact,837,Always-On Search,email,,email
880280,587022,003vriF5P63luchp9A,Download,2026-07-20,/product,771,Webinar Series,bing,lumina.com,paid_search
880281,525449,003foruN2bI7irZa7S,Form Submission,24/07/2026,/product,585,Newsletter,google,northern.com,paid_search
880282,525449,003foruN2bI7irZa7S,Form Submission,2026-07-26T00:00:00+08:00,/product,361,Newsletter,bing,northern.com,paid_search
880283,547871,,Visit,Jul 26 2026,/contact,188,Newsletter,bing,,paid_search
880284,541095,,Download,25/07/2026,/pricing,824,,email,,email
880285,541095,,Visit,2026-07-22 00:00:00,/contact,402,,google,,paid_search
880286,518105,,Page View,2026-07-21T00:00:00+08:00,/contact,729,Newsletter,direct,,direct
880287,518105,,Click,2026-07-20T00:00:00+08:00,/product,449,Always-On Search,linkedin,,social
880288,528163,,Visit,2026-07-21 00:00:00,/,162,Webinar Series,linkedin,,social
880289,519597,,Page View,2026-07-25,/pricing,62,,email,,email
880290,519597,,Form Submission,Jul 20 2026,/contact,748,,bing,,paid_search
880291,514157,,Form Submission,2026-07-25,/blog/agentic-ai,102,Q3 Launch,google,,paid_search
880292,560262,,Download,2026-07-24,/,684,Q3 Launch,bing,,paid_search
880293,532374,,Visit,2026-07-20 00:00:00,/,661,Always-On Search,direct,,direct
880294,532374,,Click,20/07/2026,/pricing,251,,linkedin,,social
880295,528087,,Page View,25/07/2026,/demo,568,Webinar Series,direct,,direct
880296,528087,,Form Submission,2026-07-26T00:00:00+08:00,/blog/agentic-ai,601,Newsletter,linkedin,,social
880297,592377,,Download,21/07/2026,/blog/agentic-ai,711,Newsletter,linkedin,,social
880298,592377,,Form Submission,2026-07-24T00:00:00+08:00,/case-studies,546,Always-On Search,google,,paid_search
880299,519041,,Click,2026-07-23,/product,593,Always-On Search,bing,,paid_search
880300,519041,,Click,2026-07-21,/contact,276,,direct,,direct
880301,501349,,Click,2026-07-25 00:00:00,/case-studies,488,Newsletter,linkedin,,social
880302,501349,,Click,2026-07-22 00:00:00,/contact,46,,google,,paid_search
880303,535407,003leygdPNcc2Vk7xE,Page View,2026-07-24T00:00:00+08:00,/demo,352,Q3 Launch,bing,meridian.com,paid_search
880304,535407,003leygdPNcc2Vk7xE,Form Submission,2026-07-20,/contact,615,Webinar Series,linkedin,meridian.com,social
880305,594235,,Page View,21/07/2026,/demo,301,Always-On Search,direct,,direct
880306,594235,,Click,2026-07-23T00:00:00+08:00,/,337,Q3 Launch,direct,,direct
880307,531775,,Visit,2026-07-23T00:00:00+08:00,/blog/agentic-ai,362,Newsletter,google,,paid_search
880308,537004,,Form Submission,2026-07-23 00:00:00,/blog/agentic-ai,337,Q3 Launch,direct,,direct
880309,587558,,Click,2026-07-26 00:00:00,/product,866,Newsletter,email,,email
880310,523642,,Form Submission,2026-07-22T00:00:00+08:00,/pricing,679,Newsletter,linkedin,,social
880311,535117,003QYoqD7N5s2QrSBT,Click,24/07/2026,/contact,608,Webinar Series,bing,brightwave.com,paid_search
880312,574256,003RpNTfclJb0OUUe8,Visit,2026-07-26T00:00:00+08:00,/blog/agentic-ai,779,Newsletter,email,everbright.com,email
880313,561894,,Page View,Jul 21 2026,/case-studies,326,Newsletter,google,,paid_search
880314,588522,,Download,Jul 23 2026,/contact,793,Q3 Launch,direct,,direct
880315,527539,,Download,2026-07-23T00:00:00+08:00,/contact,474,Webinar Series,google,,paid_search
880316,579552,003jOff2KR4ea8nKPy,Download,2026-07-24T00:00:00+08:00,/case-studies,697,,google,kirana.com,paid_search
880317,563735,,Page View,2026-07-25T00:00:00+08:00,/pricing,302,Newsletter,bing,,paid_search
880318,524885,,Visit,22/07/2026,/blog/agentic-ai,453,Newsletter,bing,,paid_search
880319,568000,,Click,Jul 21 2026,/contact,701,Q3 Launch,bing,,paid_search
880320,568000,,Form Submission,2026-07-21,/,852,Newsletter,direct,,direct
880321,568741,00339p4BY9ZPVCzAqd,Page View,2026-07-26 00:00:00,/demo,731,Always-On Search,google,nexus.com,paid_search
880322,553255,003HFasaAd1KVpFGWD,Visit,Jul 20 2026,/demo,665,Webinar Series,bing,mekong.com,paid_search
880323,588980,,Click,2026-07-21T00:00:00+08:00,/case-studies,512,Q3 Launch,bing,,paid_search
880324,587848,0038lsG6yy7CXcdEmA,Page View,2026-07-23T00:00:00+08:00,/contact,565,Always-On Search,direct,pacific.com,direct
880325,533405,003rH1ESExnO8SEB8M,Visit,22/07/2026,/case-studies,626,,linkedin,straits.com,social
880326,587704,,Click,2026-07-20,/demo,838,,bing,,paid_search
880327,517792,,Visit,2026-07-26 00:00:00,/case-studies,706,Always-On Search,bing,,paid_search
880328,507255,003Mt2xVzKFS6UVS1X,Click,2026-07-23T00:00:00+08:00,/,694,Newsletter,google,zenith.com,paid_search
880329,560483,,Click,21/07/2026,/case-studies,641,,linkedin,,social
880330,565590,,Form Submission,Jul 24 2026,/blog/agentic-ai,52,Q3 Launch,google,,paid_search
880331,565590,,Click,Jul 22 2026,/case-studies,432,Webinar Series,linkedin,,social
880332,505371,003BdQsRYOo6hA2DJ5,Click,Jul 25 2026,/demo,543,Always-On Search,linkedin,kirana.com,social
880333,505371,003BdQsRYOo6hA2DJ5,Download,21/07/2026,/,60,,bing,kirana.com,paid_search
880334,526590,,Download,2026-07-24T00:00:00+08:00,/blog/agentic-ai,170,Q3 Launch,email,,email
880335,526590,,Page View,Jul 23 2026,/case-studies,276,,google,,paid_search
880336,510178,003vriF5P63luchp9A,Download,2026-07-24T00:00:00+08:00,/contact,164,Webinar Series,google,lumina.com,paid_search
880337,510178,003vriF5P63luchp9A,Page View,2026-07-21,/,171,Always-On Search,direct,lumina.com,direct
880338,566530,,Form Submission,2026-07-24 00:00:00,/demo,355,Q3 Launch,direct,,direct
880339,565915,,Click,2026-07-23,/,179,Q3 Launch,bing,,paid_search
880340,589542,,Download,26/07/2026,/blog/agentic-ai,871,Always-On Search,google,,paid_search
880341,589542,,Visit,Jul 24 2026,/demo,219,Q3 Launch,direct,,direct
880342,561333,,Form Submission,2026-07-20,/demo,266,Q3 Launch,bing,,paid_search
880343,526421,,Form Submission,2026-07-21,/,649,Newsletter,bing,,paid_search
880344,583609,003Cz5BK79Vc8PxESN,Download,2026-07-20,/demo,197,Webinar Series,google,lumina.com,paid_search
880345,583609,003Cz5BK79Vc8PxESN,Visit,26/07/2026,/product,452,Webinar Series,google,lumina.com,paid_search
880346,557811,,Page View,2026-07-26,/case-studies,661,Newsletter,bing,,paid_search
880347,527917,003blM0OJ6mHvqPbbV,Download,2026-07-25,/case-studies,824,Q3 Launch,direct,kirana.com,direct
880348,553007,003gF41vvjhfxjw0U8,Download,2026-07-24T00:00:00+08:00,/contact,790,,direct,pacific.com,direct
880349,553007,003gF41vvjhfxjw0U8,Visit,2026-07-26 00:00:00,/contact,141,Newsletter,email,pacific.com,email
880350,544052,,Form Submission,2026-07-23T00:00:00+08:00,/contact,435,Q3 Launch,direct,,direct
880351,539839,003EHGL4D4Vo3txzQT,Page View,Jul 26 2026,/product,480,Newsletter,bing,andaman.com,paid_search
880352,540881,,Page View,2026-07-25T00:00:00+08:00,/case-studies,331,,linkedin,,social
880353,540881,,Page View,2026-07-25T00:00:00+08:00,/case-studies,879,Newsletter,linkedin,,social
880354,582228,0032kprEnDkDmvntmO,Page View,2026-07-23,/,629,,google,northgate.com,paid_search
880355,505783,,Download,25/07/2026,/pricing,213,Newsletter,direct,,direct
880356,505783,,Download,2026-07-25 00:00:00,/pricing,286,Always-On Search,google,,paid_search
880357,502155,003GkoblyoazHXA4yo,Visit,2026-07-24,/blog/agentic-ai,490,Always-On Search,linkedin,everbright.com,social
880358,587415,003zGvsU55UC7Ep3Fv,Download,2026-07-22T00:00:00+08:00,/contact,419,Q3 Launch,google,meridian.com,paid_search
880359,520908,003R2WaD3vKzeg8dua,Page View,Jul 23 2026,/,178,Webinar Series,linkedin,zenith.com,social
880360,576309,,Download,21/07/2026,/product,671,Webinar Series,linkedin,,social
880361,576309,,Visit,2026-07-23,/contact,813,Always-On Search,linkedin,,social
880362,515335,003VfCyg8Ht0V7Fj77,Form Submission,21/07/2026,/,35,,email,bharat.com,email
880363,515335,003VfCyg8Ht0V7Fj77,Form Submission,2026-07-23 00:00:00,/blog/agentic-ai,517,Newsletter,email,bharat.com,email
880364,587450,,Page View,26/07/2026,/contact,314,,direct,,direct
880365,543540,,Page View,2026-07-21 00:00:00,/demo,86,Always-On Search,linkedin,,social
880366,504530,003oOBGVzbrYIzgfgJ,Click,21/07/2026,/pricing,80,Q3 Launch,email,pacific.com,email
880367,504530,003oOBGVzbrYIzgfgJ,Click,2026-07-26T00:00:00+08:00,/contact,706,,direct,pacific.com,direct
880368,559507,003j40yPUgr3U4pVAa,Download,Jul 20 2026,/blog/agentic-ai,622,Always-On Search,linkedin,johor.com,social
880369,510628,,Click,2026-07-26T00:00:00+08:00,/case-studies,869,Q3 Launch,email,,email
880370,510628,,Visit,Jul 25 2026,/product,512,Webinar Series,linkedin,,social
880371,517486,,Form Submission,2026-07-24 00:00:00,/case-studies,567,Webinar Series,google,,paid_search
880372,517486,,Visit,2026-07-23T00:00:00+08:00,/contact,777,,linkedin,,social
880373,582370,,Download,2026-07-24T00:00:00+08:00,/contact,354,Always-On Search,direct,,direct
880374,582370,,Click,2026-07-24,/demo,659,,email,,email
880375,592361,,Page View,2026-07-20 00:00:00,/contact,268,Always-On Search,google,,paid_search
880376,592361,,Visit,2026-07-26T00:00:00+08:00,/case-studies,670,Q3 Launch,google,,paid_search
880377,538857,,Download,26/07/2026,/pricing,371,Always-On Search,direct,,direct
880378,538857,,Visit,2026-07-26 00:00:00,/blog/agentic-ai,236,Always-On Search,bing,,paid_search
880379,512492,,Click,Jul 20 2026,/contact,593,Always-On Search,linkedin,,social
880380,512492,,Click,20/07/2026,/case-studies,771,,direct,,direct
880381,529685,,Click,2026-07-26 00:00:00,/,376,Newsletter,email,,email
880382,557711,003EHGL4D4Vo3txzQT,Download,2026-07-22,/demo,672,Newsletter,direct,lotus.com,direct
880383,583717,003yOl7wn3BUy2uQA4,Visit,Jul 25 2026,/,563,Always-On Search,direct,andaman.com,direct
880384,583717,003yOl7wn3BUy2uQA4,Form Submission,Jul 25 2026,/contact,49,Webinar Series,direct,andaman.com,direct
880385,646346,003Qv4XNiMyjkl1SXN,Download,2026-07-24,/blog/agentic-ai,577,Webinar Series,direct,bharat.com,direct
880386,646346,003Qv4XNiMyjkl1SXN,Page View,2026-07-25 00:00:00,/contact,149,Always-On Search,bing,bharat.com,paid_search
880387,646346,003Qv4XNiMyjkl1SXN,Click,2026-07-22,/case-studies,118,Newsletter,google,bharat.com,paid_search
880388,639666,,Visit,2026-07-24 00:00:00,/,236,Q3 Launch,email,klang.com,email
880389,639666,,Download,2026-07-23T00:00:00+08:00,/contact,187,Webinar Series,bing,klang.com,paid_search
880390,639666,,Click,2026-07-26T00:00:00+08:00,/,365,Webinar Series,linkedin,klang.com,social
880391,688698,,Visit,Jul 20 2026,/case-studies,426,,linkedin,,social
880392,688698,,Visit,2026-07-23 00:00:00,/blog/agentic-ai,638,Q3 Launch,bing,,paid_search
880393,613513,,Page View,2026-07-22T00:00:00+08:00,/product,235,Webinar Series,bing,cendana.com,paid_search
880394,613513,,Click,21/07/2026,/,481,Q3 Launch,bing,cendana.com,paid_search
880395,613513,,Click,2026-07-24 00:00:00,/pricing,45,,direct,cendana.com,direct
880396,627076,003qJ7LLUAsjmvoyK1,Page View,2026-07-24,/pricing,348,,bing,coastal.com,paid_search
880397,627076,003qJ7LLUAsjmvoyK1,Visit,2026-07-20,/demo,59,Newsletter,linkedin,coastal.com,social
880398,607051,0037O1RLhX5CDQL9Gi,Click,2026-07-20,/product,867,Webinar Series,direct,penang-semi.com,direct
880399,607051,0037O1RLhX5CDQL9Gi,Form Submission,Jul 23 2026,/demo,125,Newsletter,linkedin,penang-semi.com,social
880400,607051,0037O1RLhX5CDQL9Gi,Download,2026-07-26T00:00:00+08:00,/case-studies,267,Webinar Series,google,penang-semi.com,paid_search
880401,633823,,Page View,2026-07-23,/blog/agentic-ai,711,Always-On Search,bing,,paid_search
880402,633823,,Visit,2026-07-23,/pricing,516,Q3 Launch,bing,,paid_search
880403,633823,,Page View,24/07/2026,/product,816,Always-On Search,direct,,direct
880404,666577,003Ot4GJnPQD8vx0d0,Click,23/07/2026,/contact,502,Newsletter,direct,everbright.com,direct
880405,666577,003Ot4GJnPQD8vx0d0,Form Submission,2026-07-23 00:00:00,/demo,591,Webinar Series,email,everbright.com,email
880406,644658,,Form Submission,2026-07-21 00:00:00,/,380,,google,batam-log.com,paid_search
880407,644658,,Form Submission,2026-07-24,/,528,Q3 Launch,direct,batam-log.com,direct
880408,644658,,Click,2026-07-22,/contact,129,Newsletter,google,batam-log.com,paid_search
880409,609123,,Click,21/07/2026,/case-studies,690,Q3 Launch,linkedin,,social
880410,609123,,Form Submission,25/07/2026,/,681,Q3 Launch,google,,paid_search
880411,609123,,Download,2026-07-24,/contact,328,Newsletter,direct,,direct
880412,625646,003qJ7LLUAsjmvoyK1,Click,2026-07-24,/pricing,626,Q3 Launch,direct,coastal.com,direct
880413,625646,003qJ7LLUAsjmvoyK1,Page View,2026-07-24 00:00:00,/,331,Q3 Launch,bing,coastal.com,paid_search
880414,625646,003qJ7LLUAsjmvoyK1,Visit,Jul 26 2026,/blog/agentic-ai,603,Always-On Search,linkedin,coastal.com,social
880415,604087,,Download,25/07/2026,/case-studies,475,,google,penang-semi.com,paid_search
880416,604087,,Download,Jul 26 2026,/demo,222,,email,penang-semi.com,email
880417,604087,,Download,2026-07-20 00:00:00,/demo,325,Webinar Series,google,penang-semi.com,paid_search
880418,684985,,Visit,2026-07-26T00:00:00+08:00,/demo,687,Newsletter,email,surabaya-tex.com,email
880419,684985,,Download,2026-07-23T00:00:00+08:00,/contact,214,Newsletter,direct,surabaya-tex.com,direct
880420,658988,0037KB0UzFbyRBlwn6,Form Submission,2026-07-22,/case-studies,778,Webinar Series,direct,zenith.com,direct
880421,658988,0037KB0UzFbyRBlwn6,Form Submission,2026-07-24,/contact,405,Q3 Launch,linkedin,zenith.com,social
880422,692390,,Page View,2026-07-23T00:00:00+08:00,/blog/agentic-ai,778,,bing,jb-steel.com,paid_search
880423,692390,,Visit,2026-07-23 00:00:00,/contact,654,Q3 Launch,google,jb-steel.com,paid_search
880424,689662,,Form Submission,2026-07-23,/pricing,381,,linkedin,,social
880425,689662,,Form Submission,Jul 22 2026,/case-studies,617,Always-On Search,email,,email
880426,689662,,Click,2026-07-25T00:00:00+08:00,/demo,66,,bing,,paid_search
880427,634136,,Click,2026-07-22,/,785,,linkedin,delhi-chem.com,social
880428,634136,,Visit,22/07/2026,/demo,547,Q3 Launch,bing,delhi-chem.com,paid_search
880429,680713,003GPkL8LjkQNU5Mv1,Form Submission,26/07/2026,/blog/agentic-ai,184,Newsletter,bing,delta.com,paid_search
880430,680713,003GPkL8LjkQNU5Mv1,Click,2026-07-21T00:00:00+08:00,/,747,Webinar Series,email,delta.com,email
880431,604337,,Download,2026-07-25,/,452,Newsletter,google,zenith.com,paid_search
880432,604337,,Page View,Jul 25 2026,/demo,621,Always-On Search,linkedin,zenith.com,social
880433,699022,,Page View,2026-07-23T00:00:00+08:00,/case-studies,438,Newsletter,bing,,paid_search
880434,699022,,Page View,22/07/2026,/case-studies,729,Newsletter,email,,email
880435,669526,,Click,2026-07-24 00:00:00,/,489,Newsletter,bing,,paid_search
880436,669526,,Visit,Jul 24 2026,/contact,682,Always-On Search,email,,email
880437,643904,0031O9ZsJHxSgc5kFi,Download,26/07/2026,/,721,Webinar Series,direct,kirana.com,direct
880438,643904,0031O9ZsJHxSgc5kFi,Form Submission,2026-07-24 00:00:00,/product,723,Webinar Series,bing,kirana.com,paid_search
880439,643904,0031O9ZsJHxSgc5kFi,Visit,2026-07-20T00:00:00+08:00,/,99,Q3 Launch,email,kirana.com,email
880440,613619,,Page View,2026-07-20 00:00:00,/blog/agentic-ai,320,Always-On Search,google,,paid_search
880441,613619,,Form Submission,2026-07-24 00:00:00,/pricing,88,,google,,paid_search
880442,613619,,Visit,2026-07-25T00:00:00+08:00,/pricing,649,Webinar Series,email,,email
880443,624217,,Click,2026-07-22,/product,508,Q3 Launch,email,,email
880444,624217,,Click,2026-07-26 00:00:00,/product,195,Q3 Launch,bing,,paid_search
880445,650174,003WbtDRUIBIy0opDw,Download,23/07/2026,/pricing,533,Webinar Series,direct,lumina.com,direct
880446,650174,003WbtDRUIBIy0opDw,Download,2026-07-21T00:00:00+08:00,/pricing,177,,email,lumina.com,email
880447,684323,,Visit,2026-07-26,/pricing,102,,bing,chennai-fab.com,paid_search
880448,684323,,Visit,2026-07-25,/case-studies,182,Q3 Launch,linkedin,chennai-fab.com,social
880449,634922,,Form Submission,2026-07-23,/blog/agentic-ai,819,Newsletter,email,northgate.com,email
880450,634922,,Visit,2026-07-25,/contact,261,Q3 Launch,email,northgate.com,email
880451,615886,,Click,2026-07-25 00:00:00,/blog/agentic-ai,340,Newsletter,linkedin,,social
880452,615886,,Click,Jul 26 2026,/contact,378,Q3 Launch,email,,email
880453,615886,,Page View,25/07/2026,/demo,597,Q3 Launch,email,,email
880454,639173,,Click,2026-07-21 00:00:00,/case-studies,116,Newsletter,google,,paid_search
880455,639173,,Page View,2026-07-23,/pricing,767,,google,,paid_search
880456,608256,,Download,Jul 20 2026,/contact,884,Newsletter,linkedin,,social
880457,608256,,Visit,20/07/2026,/product,836,Q3 Launch,email,,email
880458,608256,,Form Submission,2026-07-25T00:00:00+08:00,/case-studies,724,,google,,paid_search
880459,630537,,Page View,2026-07-24 00:00:00,/case-studies,699,Q3 Launch,email,,email
880460,630537,,Page View,2026-07-21 00:00:00,/blog/agentic-ai,694,Webinar Series,linkedin,,social
880461,640283,,Download,2026-07-26 00:00:00,/contact,204,,linkedin,,social
880462,640283,,Visit,20/07/2026,/case-studies,639,,google,,paid_search
880463,655864,003GkhxTPYcy4OqXIN,Click,24/07/2026,/,842,Webinar Series,linkedin,cyberjaya-data.com,social
880464,655864,003GkhxTPYcy4OqXIN,Click,2026-07-26,/pricing,153,Always-On Search,google,cyberjaya-data.com,paid_search
880465,622026,,Download,2026-07-20T00:00:00+08:00,/demo,625,Q3 Launch,google,,paid_search
880466,622026,,Download,2026-07-20 00:00:00,/,191,Q3 Launch,email,,email
880467,600946,,Download,21/07/2026,/blog/agentic-ai,856,Newsletter,google,zenith.com,paid_search
880468,600946,,Click,2026-07-21T00:00:00+08:00,/contact,491,Newsletter,google,zenith.com,paid_search
880469,600946,,Visit,Jul 20 2026,/contact,214,Newsletter,direct,zenith.com,direct
880470,645593,003wk15qV1Sfsbydk2,Form Submission,2026-07-21,/product,809,,direct,pacific.com,direct
880471,645593,003wk15qV1Sfsbydk2,Page View,26/07/2026,/product,84,Webinar Series,linkedin,pacific.com,social
880472,689816,,Download,Jul 25 2026,/demo,193,Q3 Launch,linkedin,,social
880473,689816,,Click,2026-07-24,/demo,475,Always-On Search,bing,,paid_search
880474,689816,,Visit,21/07/2026,/pricing,788,Q3 Launch,direct,,direct
880475,603809,003PIHF48i2GDrmZhv,Form Submission,Jul 25 2026,/contact,363,Newsletter,google,highland.com,paid_search
880476,603809,003PIHF48i2GDrmZhv,Page View,20/07/2026,/,142,Always-On Search,google,highland.com,paid_search
880477,603809,003PIHF48i2GDrmZhv,Download,2026-07-20,/,234,Newsletter,google,highland.com,paid_search
880478,676689,003MdtQVQVlhaTiSak,Download,Jul 25 2026,/product,169,Newsletter,google,batam-log.com,paid_search
880479,676689,003MdtQVQVlhaTiSak,Click,2026-07-25T00:00:00+08:00,/demo,373,Webinar Series,linkedin,batam-log.com,social
880480,607818,,Download,2026-07-22T00:00:00+08:00,/demo,808,Always-On Search,google,highland.com,paid_search
880481,607818,,Page View,2026-07-24T00:00:00+08:00,/,843,,google,highland.com,paid_search
880482,607818,,Page View,26/07/2026,/pricing,451,,email,highland.com,email
880483,677539,003YzaqIhDxRVRqLy0,Page View,24/07/2026,/product,474,,google,munich-auto.de,paid_search
880484,677539,003YzaqIhDxRVRqLy0,Form Submission,2026-07-23T00:00:00+08:00,/pricing,457,Q3 Launch,linkedin,munich-auto.de,social
880485,604406,,Download,2026-07-26 00:00:00,/case-studies,276,Q3 Launch,direct,penang-semi.com,direct
880486,604406,,Download,2026-07-21 00:00:00,/demo,165,Always-On Search,bing,penang-semi.com,paid_search
880487,602087,,Form Submission,23/07/2026,/blog/agentic-ai,627,Q3 Launch,email,cendana.com,email
880488,602087,,Download,2026-07-25 00:00:00,/demo,838,Always-On Search,email,cendana.com,email
880489,602087,,Visit,Jul 20 2026,/case-studies,737,Always-On Search,direct,cendana.com,direct
880490,655823,,Visit,Jul 25 2026,/contact,373,Q3 Launch,direct,,direct
880491,655823,,Visit,2026-07-24 00:00:00,/pricing,422,Always-On Search,email,,email
880492,647916,,Page View,2026-07-25,/product,274,,linkedin,lumina.com,social
880493,647916,,Form Submission,Jul 22 2026,/,749,Webinar Series,google,lumina.com,paid_search
880494,635043,003iK2FYv5RWdcgOY1,Click,2026-07-26 00:00:00,/case-studies,527,,direct,selangor-precision.com,direct
880495,635043,003iK2FYv5RWdcgOY1,Download,2026-07-23T00:00:00+08:00,/blog/agentic-ai,574,,bing,selangor-precision.com,paid_search
880496,635043,003iK2FYv5RWdcgOY1,Click,2026-07-23 00:00:00,/,719,Q3 Launch,google,selangor-precision.com,paid_search
880497,610508,003yr0Yzxh7KmLIlRX,Page View,21/07/2026,/product,144,Webinar Series,email,lotus.com,email
880498,610508,003yr0Yzxh7KmLIlRX,Form Submission,2026-07-25T00:00:00+08:00,/blog/agentic-ai,53,Always-On Search,email,lotus.com,email
880499,617305,,Click,2026-07-26T00:00:00+08:00,/demo,94,Q3 Launch,google,mumbai-alloys.com,paid_search
880500,617305,,Click,2026-07-23T00:00:00+08:00,/case-studies,622,Always-On Search,bing,mumbai-alloys.com,paid_search
880501,687274,,Download,Jul 21 2026,/product,610,Webinar Series,bing,,paid_search
880502,687274,,Page View,Jul 21 2026,/case-studies,410,Always-On Search,linkedin,,social
880503,687274,,Click,2026-07-25T00:00:00+08:00,/case-studies,200,,google,,paid_search
880504,637387,,Page View,24/07/2026,/demo,149,Q3 Launch,bing,lotus.com,paid_search
880505,637387,,Download,2026-07-24 00:00:00,/product,408,Webinar Series,google,lotus.com,paid_search
880506,687235,0033BSiEeoyfUZggux,Form Submission,23/07/2026,/product,154,Q3 Launch,email,lumina.com,email
880507,687235,0033BSiEeoyfUZggux,Download,Jul 24 2026,/product,189,Q3 Launch,direct,lumina.com,direct
880508,684835,,Click,2026-07-25,/,617,Webinar Series,direct,,direct
880509,684835,,Click,2026-07-21T00:00:00+08:00,/blog/agentic-ai,145,Newsletter,linkedin,,social
880510,684835,,Visit,26/07/2026,/product,55,Newsletter,direct,,direct
880511,658454,003KHkRykirtrFjekB,Click,2026-07-26,/demo,53,Q3 Launch,direct,sunrise.com,direct
880512,658454,003KHkRykirtrFjekB,Visit,2026-07-22T00:00:00+08:00,/contact,433,Webinar Series,email,sunrise.com,email
880513,679308,,Download,Jul 23 2026,/demo,763,Newsletter,bing,lumina.com,paid_search
880514,679308,,Visit,2026-07-23T00:00:00+08:00,/product,383,Always-On Search,bing,lumina.com,paid_search
880515,679308,,Visit,2026-07-26,/demo,775,Newsletter,email,lumina.com,email
880516,637831,,Page View,21/07/2026,/,631,,linkedin,selangor-precision.com,social
880517,637831,,Click,2026-07-24,/case-studies,567,Always-On Search,linkedin,selangor-precision.com,social
880518,637831,,Visit,2026-07-21T00:00:00+08:00,/pricing,449,Always-On Search,email,selangor-precision.com,email
880519,660570,,Page View,2026-07-24,/demo,882,Newsletter,bing,,paid_search
880520,660570,,Visit,2026-07-22,/,876,Always-On Search,direct,,direct
880521,673306,,Visit,2026-07-22,/,32,Webinar Series,bing,,paid_search
880522,673306,,Visit,2026-07-21,/blog/agentic-ai,711,Always-On Search,email,,email
880523,690156,,Visit,Jul 24 2026,/,313,Newsletter,linkedin,,social
880524,690156,,Form Submission,2026-07-25,/case-studies,609,Newsletter,bing,,paid_search
880525,690996,,Form Submission,2026-07-21T00:00:00+08:00,/blog/agentic-ai,619,Q3 Launch,bing,,paid_search
880526,690996,,Visit,22/07/2026,/demo,357,Newsletter,google,,paid_search
880527,690996,,Visit,Jul 20 2026,/product,399,Newsletter,bing,,paid_search
880528,638228,,Visit,Jul 22 2026,/contact,800,Webinar Series,direct,lumina.com,direct
880529,638228,,Click,2026-07-24T00:00:00+08:00,/product,731,Always-On Search,linkedin,lumina.com,social
880530,646088,,Page View,Jul 23 2026,/contact,318,Always-On Search,email,,email
880531,646088,,Page View,21/07/2026,/pricing,253,Webinar Series,direct,,direct
880532,673224,,Download,2026-07-20,/case-studies,108,Q3 Launch,google,,paid_search
880533,673224,,Click,2026-07-26,/product,737,Always-On Search,google,,paid_search
880534,678335,003cWPmsw3Xd3PvrhZ,Visit,22/07/2026,/demo,161,Webinar Series,google,andaman.com,paid_search
880535,678335,003cWPmsw3Xd3PvrhZ,Page View,2026-07-20 00:00:00,/demo,110,Newsletter,linkedin,andaman.com,social
880536,663472,,Page View,2026-07-20,/pricing,63,,direct,,direct
880537,663472,,Visit,2026-07-25 00:00:00,/product,74,Q3 Launch,bing,,paid_search
880538,698900,,Form Submission,20/07/2026,/demo,219,Always-On Search,linkedin,orion.com,social
880539,698900,,Click,2026-07-26T00:00:00+08:00,/contact,386,Always-On Search,google,orion.com,paid_search
880540,695493,,Visit,21/07/2026,/,622,Q3 Launch,direct,,direct
880541,695493,,Click,2026-07-25 00:00:00,/demo,802,,linkedin,,social
880542,628051,,Click,2026-07-25 00:00:00,/blog/agentic-ai,633,Webinar Series,email,,email
880543,628051,,Page View,2026-07-21T00:00:00+08:00,/,393,Newsletter,email,,email
880544,628051,,Page View,2026-07-23 00:00:00,/case-studies,145,Always-On Search,linkedin,,social
880545,668121,,Visit,2026-07-22,/product,535,Q3 Launch,email,kirana.com,email
880546,668121,,Form Submission,2026-07-24,/blog/agentic-ai,349,Newsletter,google,kirana.com,paid_search
880220,676818,003tQLxEJHwBVJvwSD,Visit,2026-07-20 00:00:00,/pricing,502,Q3 Launch,direct,penang-semi.com,direct
880547,VIS-b82a7fa38e,003p1CqT3etRjGqkgN,Page View,2026-07-19 14:49:51,/pricing,503,Synthetic Q3,direct,synthetic45.com,direct
880548,VIS-e7a7061e77,003HFvErA749OkrwR2,Visit,2026-07-20 14:49:51,/home,235,Synthetic Q3,direct,synthetic6.com,direct
880549,VIS-4399b60022,003dmsmqe7M8XfzPw5,Download,2026-07-27 14:49:51,/home,277,Synthetic Q3,direct,synthetic1.com,direct
880550,VIS-75b1a77100,003qtxVJO8s7qfMUrr,Download,2026-07-14 14:49:51,/home,504,Synthetic Q3,direct,synthetic48.com,direct
880551,VIS-a283f66015,,Download,2026-07-29 14:49:51,/pricing,279,Synthetic Q3,direct,synthetic45.com,direct
880552,VIS-fd60a10521,003qtxVJO8s7qfMUrr,Download,2026-08-07 14:49:51,/home,90,Synthetic Q3,direct,synthetic30.com,direct
880553,VIS-97469b9306,003GnuPbxJbTFrcCcN,Page View,2026-07-23 14:49:51,/demo,38,Synthetic Q3,direct,synthetic49.com,direct
880554,VIS-75bef928aa,003Y7RivyMQgIojSG5,Download,2026-08-05 14:49:51,/demo,82,Synthetic Q3,direct,synthetic48.com,direct
880555,VIS-3bf623f3e2,003zeIqQzx8S7kqeL2,Download,2026-07-18 14:49:51,/blog,70,Synthetic Q3,direct,synthetic8.com,direct
880556,VIS-1d5ba956b1,003ANLMUYEupyn6doh,Page View,2026-07-11 14:49:51,/demo,200,Synthetic Q3,direct,synthetic28.com,direct
880557,VIS-ebd752a201,003RBDXESiaNgAxvRS,Download,2026-07-30 14:49:51,/home,363,Synthetic Q3,direct,synthetic35.com,direct
880558,VIS-0607d33bf2,003JZ6Ee0rgVX1uEGS,Download,2026-07-09 14:49:51,/demo,465,Synthetic Q3,direct,synthetic40.com,direct
880559,VIS-7a20ec010f,003EeB40uwFH7e8vG3,Page View,2026-08-06 14:49:51,/blog,497,Synthetic Q3,direct,synthetic35.com,direct
880560,VIS-40f4d3dc30,003iO8zreUdyemYhho,Download,2026-07-25 14:49:51,/blog,430,Synthetic Q3,direct,synthetic11.com,direct
880561,VIS-53bbb88b77,003oIpgmJEuBN0sT4n,Visit,2026-07-12 14:49:51,/blog,373,Synthetic Q3,direct,synthetic14.com,direct
880562,VIS-c72c0c6890,0033oV2IxP2drsU7vC,Visit,2026-07-21 14:49:51,/home,525,Synthetic Q3,direct,synthetic29.com,direct
880563,VIS-5d1ed767a3,003G4KFfrBTRvlz7H0,Visit,2026-07-10 14:49:51,/blog,584,Synthetic Q3,direct,synthetic13.com,direct
880564,VIS-e152328a89,003NVLYXize8O5uyXo,Download,2026-07-21 14:49:51,/demo,154,Synthetic Q3,direct,synthetic9.com,direct
880565,VIS-8c9ec3fea6,003bZSjn4CIgGuO9Bt,Page View,2026-08-08 14:49:51,/demo,312,Synthetic Q3,direct,synthetic45.com,direct
880566,VIS-ae076377e1,003RBDXESiaNgAxvRS,Visit,2026-08-07 14:49:51,/demo,206,Synthetic Q3,direct,synthetic41.com,direct
880567,VIS-2110dd8a42,003VWqrsJ0oTZzbmVY,Page View,2026-07-11 14:49:51,/home,360,Synthetic Q3,direct,synthetic10.com,direct
880568,VIS-266b74d7e0,0035Gy8FkzNraZDuB0,Page View,2026-07-30 14:49:51,/pricing,354,Synthetic Q3,direct,synthetic6.com,direct
880569,VIS-ea0ae819ad,,Download,2026-07-26 14:49:51,/demo,235,Synthetic Q3,direct,synthetic48.com,direct
880570,VIS-7863cc3d79,003bZSjn4CIgGuO9Bt,Page View,2026-07-17 14:49:51,/home,358,Synthetic Q3,direct,synthetic30.com,direct
880571,VIS-b724f23837,003yv0s7eRXnlv4oQy,Page View,2026-07-27 14:49:51,/home,246,Synthetic Q3,direct,synthetic1.com,direct
880572,VIS-d5bcb4c85b,,Download,2026-07-31 14:49:51,/demo,103,Synthetic Q3,direct,synthetic5.com,direct
880573,VIS-1d571cf0a6,003y2FSw0tbt1PVz86,Page View,2026-07-13 14:49:51,/home,72,Synthetic Q3,direct,synthetic12.com,direct
880574,VIS-b5c37b3e92,003A3fapJmnK0hRZn2,Visit,2026-07-25 14:49:51,/demo,407,Synthetic Q3,direct,synthetic5.com,direct
880575,VIS-162884d6a4,003NrnXYekhDH7qeKl,Download,2026-07-29 14:49:51,/pricing,534,Synthetic Q3,direct,synthetic39.com,direct
880576,VIS-5f366c9e7c,003ZVshdyekmnz2n7h,Page View,2026-07-27 14:49:51,/blog,167,Synthetic Q3,direct,synthetic34.com,direct
880577,VIS-d7b52fa4a0,003p1CqT3etRjGqkgN,Download,2026-07-24 14:49:51,/pricing,255,Synthetic Q3,direct,synthetic31.com,direct
880578,VIS-dc9aab9596,0031btLiM0c4mCRdIC,Page View,2026-08-05 14:49:51,/demo,466,Synthetic Q3,direct,synthetic36.com,direct
880579,VIS-214f7ba279,003F02yhBL7WKrAu0p,Page View,2026-07-29 14:49:51,/home,162,Synthetic Q3,direct,synthetic41.com,direct
880580,VIS-68b642ad6e,0030x8bWkDpbOVT6T9,Download,2026-07-29 14:49:51,/home,59,Synthetic Q3,direct,synthetic25.com,direct
880581,VIS-00a7316d0e,003jcVoaA8a6PsHkzG,Page View,2026-08-07 14:49:51,/pricing,432,Synthetic Q3,direct,synthetic2.com,direct
880582,VIS-008c774ce0,003CA6sP5kM07nR41d,Visit,2026-07-22 14:49:51,/home,412,Synthetic Q3,direct,synthetic47.com,direct
880583,VIS-8d65818c85,003HZ4IGKGzaSgbHG4,Page View,2026-08-03 14:49:51,/pricing,442,Synthetic Q3,direct,synthetic47.com,direct
880584,VIS-2397a1f162,003oIpgmJEuBN0sT4n,Visit,2026-08-03 14:49:51,/pricing,368,Synthetic Q3,direct,synthetic43.com,direct
880585,VIS-c5927c6cde,003u1nbbGQCp17JssU,Visit,2026-08-01 14:49:51,/pricing,313,Synthetic Q3,direct,synthetic1.com,direct
880586,VIS-69e1804e70,003DHFHPaoCpPboGv7,Page View,2026-07-12 14:49:51,/home,419,Synthetic Q3,direct,synthetic23.com,direct
880587,VIS-40b8edab6c,003iA4LZFxvE4X2ini,Visit,2026-07-14 14:49:51,/pricing,211,Synthetic Q3,direct,synthetic27.com,direct
880588,VIS-6898bcaa50,003io8sgsYfGZDhUar,Download,2026-08-03 14:49:51,/demo,330,Synthetic Q3,direct,synthetic34.com,direct
880589,VIS-761ac0eb90,003sq5d0ucqWGfqj2N,Visit,2026-07-20 14:49:51,/home,535,Synthetic Q3,direct,synthetic14.com,direct
880590,VIS-e8cef21afe,,Page View,2026-07-10 14:49:51,/pricing,156,Synthetic Q3,direct,synthetic18.com,direct
880591,VIS-a1c6231a9e,003M71jc7GNwCMmZFj,Visit,2026-08-02 14:49:51,/blog,463,Synthetic Q3,direct,synthetic2.com,direct
880592,VIS-d89f65ec67,003OM7hqfv3VVewykf,Visit,2026-07-20 14:49:51,/blog,480,Synthetic Q3,direct,synthetic15.com,direct
880593,VIS-c62583bd24,003y2pWY4J79DGod5X,Visit,2026-08-03 14:49:51,/demo,397,Synthetic Q3,direct,synthetic47.com,direct
880594,VIS-875dd9cb73,003aySE87omMJqDF6Q,Visit,2026-07-23 14:49:51,/home,517,Synthetic Q3,direct,synthetic45.com,direct
880595,VIS-9f0fb0876e,003zbPqjLtGxeX04vC,Visit,2026-08-08 14:49:51,/pricing,265,Synthetic Q3,direct,synthetic10.com,direct
880596,VIS-21c9248fed,003DHFHPaoCpPboGv7,Page View,2026-07-20 14:49:51,/home,551,Synthetic Q3,direct,synthetic40.com,direct
880597,VIS-567fca066e,003BVlCXZnz6u8vxfi,Page View,2026-07-27 14:49:51,/demo,449,Synthetic Q3,direct,synthetic47.com,direct
880598,VIS-66a15040f2,003UiGIZsOZPJXQJqI,Download,2026-07-21 14:49:51,/demo,407,Synthetic Q3,direct,synthetic13.com,direct
880599,VIS-f2a34cc1ea,003hZ4MVviSMOozGX4,Visit,2026-07-21 14:49:51,/blog,525,Synthetic Q3,direct,synthetic9.com,direct
880600,VIS-4c45f7dddc,0039h11yKaNdQsMX0q,Download,2026-07-28 14:49:51,/demo,355,Synthetic Q3,direct,synthetic6.com,direct
880601,VIS-8adb08b166,003pjWH0izulFyZgkt,Visit,2026-07-09 14:49:51,/demo,547,Synthetic Q3,direct,synthetic9.com,direct
880602,VIS-7c5b853944,003pIbbOYsIhoglXmq,Page View,2026-07-18 14:49:51,/blog,115,Synthetic Q3,direct,synthetic44.com,direct
880603,VIS-4a6a555b34,003oIpgmJEuBN0sT4n,Download,2026-07-13 14:49:51,/home,563,Synthetic Q3,direct,synthetic5.com,direct
880604,VIS-751cb1513f,003y2pWY4J79DGod5X,Download,2026-07-12 14:49:51,/blog,359,Synthetic Q3,direct,synthetic13.com,direct
880605,VIS-f4263ad287,003ZMGrRoe0ntJFcyQ,Page View,2026-07-16 14:49:51,/blog,141,Synthetic Q3,direct,synthetic45.com,direct
880606,VIS-6af0a35fd5,,Page View,2026-07-18 14:49:51,/blog,251,Synthetic Q3,direct,synthetic39.com,direct
880607,VIS-d39b54751d,0036ggfOyu5lOoiRds,Page View,2026-07-10 14:49:51,/blog,325,Synthetic Q3,direct,synthetic24.com,direct
880608,VIS-f8b005d556,003a2l5Nko8v9UnxHf,Page View,2026-07-18 14:49:51,/blog,381,Synthetic Q3,direct,synthetic38.com,direct
880609,VIS-087ee8e8c6,003MmutKwX6lcH9SZI,Download,2026-07-22 14:49:51,/home,248,Synthetic Q3,direct,synthetic2.com,direct
880610,VIS-684d9cf59b,003j5rpvIFLeipQE9m,Download,2026-08-05 14:49:51,/pricing,464,Synthetic Q3,direct,synthetic40.com,direct
880611,VIS-a7579975f9,003CyHZ3CXY9SI8b0M,Page View,2026-07-21 14:49:51,/home,416,Synthetic Q3,direct,synthetic40.com,direct
880612,VIS-82f5551afe,,Visit,2026-07-24 14:49:51,/pricing,480,Synthetic Q3,direct,synthetic16.com,direct
880613,VIS-055cc0f635,,Visit,2026-07-12 14:49:51,/home,540,Synthetic Q3,direct,synthetic40.com,direct
880614,VIS-cf5be989f9,0032hQtWkPagN9tEir,Download,2026-08-02 14:49:51,/blog,303,Synthetic Q3,direct,synthetic0.com,direct
880615,VIS-cdc69ded46,0035mWx0GuihNi3fGr,Page View,2026-08-08 14:49:51,/blog,136,Synthetic Q3,direct,synthetic41.com,direct
880616,VIS-7641c91fc4,003J4L1GBzjdGogWrG,Page View,2026-07-31 14:49:51,/blog,447,Synthetic Q3,direct,synthetic0.com,direct
880617,VIS-8e4f6f7edb,003p1CqT3etRjGqkgN,Download,2026-07-18 14:49:51,/demo,84,Synthetic Q3,direct,synthetic15.com,direct
880618,VIS-ace115efa3,0036ggfOyu5lOoiRds,Visit,2026-07-27 14:49:51,/pricing,158,Synthetic Q3,direct,synthetic25.com,direct
880619,VIS-1e53380168,003ggVUbryh5J4p3XD,Page View,2026-08-01 14:49:51,/home,380,Synthetic Q3,direct,synthetic6.com,direct
880620,VIS-3d9935f743,003RCZbiQYUOlSZ3HF,Page View,2026-07-19 14:49:51,/blog,496,Synthetic Q3,direct,synthetic23.com,direct
880621,VIS-692692a3ea,,Page View,2026-07-31 14:49:51,/blog,350,Synthetic Q3,direct,synthetic9.com,direct
880622,VIS-42e31e4c98,003JsNaAib3qly7WcC,Page View,2026-08-01 14:49:51,/home,298,Synthetic Q3,direct,synthetic43.com,direct
880623,VIS-a09b621069,003pIbbOYsIhoglXmq,Visit,2026-08-03 14:49:51,/demo,52,Synthetic Q3,direct,synthetic10.com,direct
880624,VIS-07c79bf327,003IcUmKE17aJd4abI,Visit,2026-07-19 14:49:51,/demo,216,Synthetic Q3,direct,synthetic30.com,direct
880625,VIS-323fc00299,003ZWqz9thVJlFnvYA,Page View,2026-07-09 14:49:51,/blog,562,Synthetic Q3,direct,synthetic35.com,direct
880626,VIS-02339e01f7,003XunDRcRTHj4jHkf,Page View,2026-07-13 14:49:51,/pricing,11,Synthetic Q3,direct,synthetic45.com,direct
880627,VIS-be9dd81113,003JZ6Ee0rgVX1uEGS,Download,2026-08-05 14:49:51,/home,184,Synthetic Q3,direct,synthetic9.com,direct
880628,VIS-aa118bb1ce,003plZcDrHu8yJJZq6,Page View,2026-07-11 14:49:51,/demo,493,Synthetic Q3,direct,synthetic19.com,direct
880629,VIS-8646c5976d,003swFSL5Khr579hlD,Visit,2026-07-29 14:49:51,/pricing,403,Synthetic Q3,direct,synthetic25.com,direct
880630,VIS-d36412db03,003OsszLzeqXwU1S7Y,Download,2026-07-15 14:49:51,/blog,18,Synthetic Q3,direct,synthetic30.com,direct
880631,VIS-4a720215c1,003Y7RivyMQgIojSG5,Visit,2026-08-05 14:49:51,/demo,568,Synthetic Q3,direct,synthetic6.com,direct
880632,VIS-f87ca30c89,003zbPqjLtGxeX04vC,Download,2026-07-26 14:49:51,/demo,353,Synthetic Q3,direct,synthetic14.com,direct
880633,VIS-6f6b2aee1a,003ZkiThUYO645MX50,Page View,2026-08-08 14:49:51,/blog,27,Synthetic Q3,direct,synthetic31.com,direct
880634,VIS-c7ad3dd29c,003HUGqFG1JTasdL9P,Visit,2026-08-08 14:49:51,/pricing,273,Synthetic Q3,direct,synthetic33.com,direct
880635,VIS-c99f389d7b,003nc5mIw8P8NRcGRn,Visit,2026-07-16 14:49:51,/blog,534,Synthetic Q3,direct,synthetic24.com,direct
880636,VIS-77ee98b2d6,003ZWqz9thVJlFnvYA,Visit,2026-07-26 14:49:51,/demo,545,Synthetic Q3,direct,synthetic5.com,direct
880637,VIS-47ab431cf5,003PlarJiKnjtdynXG,Page View,2026-07-29 14:49:51,/pricing,284,Synthetic Q3,direct,synthetic22.com,direct
880638,VIS-e92b6fb50d,003ANLMUYEupyn6doh,Page View,2026-07-13 14:49:51,/home,137,Synthetic Q3,direct,synthetic15.com,direct
880639,VIS-1b0969352f,003TfHV52VM9pMaoOa,Page View,2026-07-11 14:49:51,/pricing,233,Synthetic Q3,direct,synthetic49.com,direct
880640,VIS-da3ac6e8ee,003io8sgsYfGZDhUar,Visit,2026-07-24 14:49:51,/home,216,Synthetic Q3,direct,synthetic17.com,direct
880641,VIS-5e30c159bc,,Download,2026-07-30 14:49:51,/pricing,208,Synthetic Q3,direct,synthetic44.com,direct
880642,VIS-04778f2ffd,0035mWx0GuihNi3fGr,Download,2026-07-12 14:49:51,/demo,382,Synthetic Q3,direct,synthetic25.com,direct
880643,VIS-96066cefbc,003G4KFfrBTRvlz7H0,Download,2026-07-20 14:49:51,/home,179,Synthetic Q3,direct,synthetic17.com,direct
880644,VIS-ed897f8251,,Page View,2026-07-10 14:49:51,/blog,492,Synthetic Q3,direct,synthetic47.com,direct
880645,VIS-d4a1499262,0031TUmdQjKTz8Di9x,Visit,2026-07-27 14:49:51,/demo,239,Synthetic Q3,direct,synthetic29.com,direct
880646,VIS-b1fcdb79c0,003mPDMfGQ3KL6fIFI,Page View,2026-07-22 14:49:51,/home,83,Synthetic Q3,direct,synthetic22.com,direct
880647,VIS-680fbf224c,003y2pWY4J79DGod5X,Visit,2026-08-06 14:49:51,/home,312,Synthetic Q3,direct,synthetic24.com,direct
880648,VIS-88867dea2e,003gUOqXYB1WHQvakf,Page View,2026-07-20 14:49:51,/pricing,170,Synthetic Q3,direct,synthetic18.com,direct
880649,VIS-9ca83d4bfd,003UccZ6w4GoCBw9gz,Download,2026-08-06 14:49:51,/blog,429,Synthetic Q3,direct,synthetic43.com,direct
880650,VIS-721b117069,003UiGIZsOZPJXQJqI,Visit,2026-07-24 14:49:51,/demo,299,Synthetic Q3,direct,synthetic20.com,direct
880651,VIS-1a93bcd473,003C74SCQjXvY4HpxA,Download,2026-07-16 14:49:51,/blog,243,Synthetic Q3,direct,synthetic13.com,direct
880652,VIS-ba95d8a235,003lmxEymZ4EeuXLDC,Download,2026-07-20 14:49:51,/pricing,175,Synthetic Q3,direct,synthetic2.com,direct
880653,VIS-847ecc16a1,003plZcDrHu8yJJZq6,Download,2026-07-20 14:49:51,/pricing,508,Synthetic Q3,direct,synthetic28.com,direct
880654,VIS-598a54f3e9,003hZ4MVviSMOozGX4,Visit,2026-08-07 14:49:51,/home,586,Synthetic Q3,direct,synthetic14.com,direct
880655,VIS-85c1c3678c,003UccZ6w4GoCBw9gz,Visit,2026-07-25 14:49:51,/blog,140,Synthetic Q3,direct,synthetic6.com,direct
880656,VIS-22dc208155,,Page View,2026-07-18 14:49:51,/home,490,Synthetic Q3,direct,synthetic38.com,direct
880657,VIS-c5a2592869,003ZWqz9thVJlFnvYA,Download,2026-07-20 14:49:51,/pricing,286,Synthetic Q3,direct,synthetic13.com,direct
880658,VIS-3327c8532b,0037kmGPhtAQ2jsAZr,Download,2026-07-19 14:49:51,/demo,17,Synthetic Q3,direct,synthetic21.com,direct
880659,VIS-966960ce07,003y2pWY4J79DGod5X,Page View,2026-08-05 14:49:51,/pricing,62,Synthetic Q3,direct,synthetic6.com,direct
880660,VIS-371bda2e94,003ix1IVNwj97IHkKt,Visit,2026-07-30 14:49:51,/home,408,Synthetic Q3,direct,synthetic5.com,direct
880661,VIS-cc023b31bb,003Qgz6akoZPiSz6A6,Page View,2026-08-05 14:49:51,/demo,12,Synthetic Q3,direct,synthetic6.com,direct
880662,VIS-6457369420,003A9EuVGIBAeVK9TH,Download,2026-07-21 14:49:51,/pricing,273,Synthetic Q3,direct,synthetic27.com,direct
880663,VIS-5580e26bf7,003nc5mIw8P8NRcGRn,Page View,2026-07-17 14:49:51,/blog,363,Synthetic Q3,direct,synthetic34.com,direct
880664,VIS-9334c4c1ab,003Tc0OLx4ORih81S0,Page View,2026-07-31 14:49:51,/blog,405,Synthetic Q3,direct,synthetic25.com,direct
880665,VIS-02b9c487b3,003kPl1HtjT7rK2kDz,Download,2026-07-13 14:49:51,/demo,592,Synthetic Q3,direct,synthetic32.com,direct
880666,VIS-5a4f0b0e03,003NRVO5b5JYQJ0E41,Download,2026-07-11 14:49:51,/pricing,16,Synthetic Q3,direct,synthetic16.com,direct
880667,VIS-ab257c4589,003HFvErA749OkrwR2,Visit,2026-08-07 14:49:51,/blog,182,Synthetic Q3,direct,synthetic2.com,direct
880668,VIS-f78df1eb4b,0039h11yKaNdQsMX0q,Download,2026-07-25 14:49:51,/demo,407,Synthetic Q3,direct,synthetic37.com,direct
880669,VIS-1c49104f7d,003zbPqjLtGxeX04vC,Page View,2026-07-20 14:49:51,/home,372,Synthetic Q3,direct,synthetic0.com,direct
880670,VIS-c8de93b90b,003OqD3080qYemLG33,Visit,2026-07-27 14:49:51,/blog,53,Synthetic Q3,direct,synthetic44.com,direct
880671,VIS-b938d9ed9f,003OsszLzeqXwU1S7Y,Page View,2026-08-08 14:49:51,/home,600,Synthetic Q3,direct,synthetic37.com,direct
880672,VIS-63dcb3c2c3,0037kmGPhtAQ2jsAZr,Download,2026-07-24 14:49:51,/pricing,227,Synthetic Q3,direct,synthetic21.com,direct
880673,VIS-cd32e8ab51,003bZSjn4CIgGuO9Bt,Page View,2026-08-03 14:49:51,/demo,568,Synthetic Q3,direct,synthetic49.com,direct
880674,VIS-74ccef7a76,003am00YCamkNACIRI,Visit,2026-07-10 14:49:51,/home,172,Synthetic Q3,direct,synthetic36.com,direct
880675,VIS-ee95ad1c35,003zeIqQzx8S7kqeL2,Visit,2026-08-03 14:49:51,/blog,559,Synthetic Q3,direct,synthetic2.com,direct
880676,VIS-adc62f07d5,003eBwricO7Rdh1CrW,Download,2026-07-16 14:49:51,/blog,48,Synthetic Q3,direct,synthetic15.com,direct
880677,VIS-ff0a056edc,003BVlCXZnz6u8vxfi,Visit,2026-07-25 14:49:51,/pricing,274,Synthetic Q3,direct,synthetic42.com,direct
880678,VIS-a75325afd5,003nc5mIw8P8NRcGRn,Download,2026-08-06 14:49:51,/pricing,337,Synthetic Q3,direct,synthetic12.com,direct
880679,VIS-8a84cd9fa5,003kcmB8D2Am8hcivD,Download,2026-08-07 14:49:51,/pricing,570,Synthetic Q3,direct,synthetic25.com,direct
880680,VIS-937fbbb809,003kc7Vrjt99wnCnuI,Page View,2026-07-24 14:49:51,/demo,338,Synthetic Q3,direct,synthetic2.com,direct
880681,VIS-0301af3135,003wzivcY8cwlGqwaF,Page View,2026-07-25 14:49:51,/demo,499,Synthetic Q3,direct,synthetic49.com,direct
880682,VIS-8a7eb3a0b4,003plZcDrHu8yJJZq6,Page View,2026-07-12 14:49:51,/demo,245,Synthetic Q3,direct,synthetic13.com,direct
880683,VIS-83ee7fae56,003sq5d0ucqWGfqj2N,Page View,2026-07-30 14:49:51,/demo,131,Synthetic Q3,direct,synthetic2.com,direct
880684,VIS-6545104666,0031OGBjulUcRPW6QJ,Page View,2026-08-02 14:49:51,/blog,342,Synthetic Q3,direct,synthetic42.com,direct
880685,VIS-526f1852d5,003uGNy8IQi1ljBY3X,Download,2026-07-17 14:49:51,/blog,33,Synthetic Q3,direct,synthetic26.com,direct
880686,VIS-25bd516685,003UccZ6w4GoCBw9gz,Download,2026-08-07 14:49:51,/pricing,482,Synthetic Q3,direct,synthetic19.com,direct
880687,VIS-fa877f74b4,0035mWx0GuihNi3fGr,Download,2026-07-28 14:49:51,/pricing,331,Synthetic Q3,direct,synthetic49.com,direct
880688,VIS-7e3c890022,003EKdMInBV6GmEMLf,Visit,2026-07-22 14:49:51,/home,224,Synthetic Q3,direct,synthetic37.com,direct
880689,VIS-d1fbdbf9ba,,Download,2026-08-01 14:49:51,/home,184,Synthetic Q3,direct,synthetic29.com,direct
880690,VIS-d08d7ae9f9,003PrYXxJ4Xr4kcfFF,Visit,2026-07-31 14:49:51,/blog,208,Synthetic Q3,direct,synthetic41.com,direct
880691,VIS-0ecd5c059d,,Download,2026-07-23 14:49:51,/demo,429,Synthetic Q3,direct,synthetic36.com,direct
880692,VIS-179e35f2ba,003R09foSZh4bVm1nN,Download,2026-07-31 14:49:51,/blog,554,Synthetic Q3,direct,synthetic22.com,direct
880693,VIS-49c7ac2bb0,003ZkiThUYO645MX50,Page View,2026-07-16 14:49:51,/home,37,Synthetic Q3,direct,synthetic12.com,direct
880694,VIS-81618db0fe,,Download,2026-07-19 14:49:51,/demo,261,Synthetic Q3,direct,synthetic5.com,direct
880695,VIS-005a8e0774,003CA6sP5kM07nR41d,Download,2026-07-22 14:49:51,/home,56,Synthetic Q3,direct,synthetic19.com,direct
880696,VIS-2440406a46,003thPQopTVn24nhFy,Visit,2026-08-04 14:49:51,/pricing,501,Synthetic Q3,direct,synthetic32.com,direct
880697,VIS-5417667bb9,003j5rpvIFLeipQE9m,Download,2026-07-23 14:49:51,/pricing,134,Synthetic Q3,direct,synthetic14.com,direct
880698,VIS-06d629a5ab,003bnmKMCZ1DC7iJwm,Visit,2026-07-24 14:49:51,/blog,273,Synthetic Q3,direct,synthetic45.com,direct
880699,VIS-caf9ddc405,003ZTlCO3CJ1nDKrNm,Page View,2026-08-04 14:49:51,/blog,190,Synthetic Q3,direct,synthetic39.com,direct
880700,VIS-85869eb144,003dYjv81GyRxrYVZd,Page View,2026-07-11 14:49:51,/pricing,250,Synthetic Q3,direct,synthetic43.com,direct
880701,VIS-7bd4171b79,003J4L1GBzjdGogWrG,Visit,2026-07-30 14:49:51,/blog,74,Synthetic Q3,direct,synthetic36.com,direct
880702,VIS-4394cacb7b,003YeymuC4RUribP9O,Visit,2026-07-14 14:49:51,/home,288,Synthetic Q3,direct,synthetic47.com,direct
880703,VIS-75c6a4839d,003WQTw5yAs1kgj1Tf,Visit,2026-07-25 14:49:51,/pricing,102,Synthetic Q3,direct,synthetic6.com,direct
880704,VIS-9f3871efa9,003GnuPbxJbTFrcCcN,Page View,2026-07-26 14:49:51,/blog,19,Synthetic Q3,direct,synthetic5.com,direct
880705,VIS-8ac9f7f5b6,003vAgIdgyGE6yPJIi,Visit,2026-07-27 14:49:51,/blog,47,Synthetic Q3,direct,synthetic11.com,direct
880706,VIS-765a946b66,0031X3aQXinneSd6ox,Page View,2026-07-14 14:49:51,/pricing,452,Synthetic Q3,direct,synthetic22.com,direct
880707,VIS-a694aa1204,003hZ4MVviSMOozGX4,Download,2026-07-27 14:49:51,/demo,480,Synthetic Q3,direct,synthetic19.com,direct
880708,VIS-7fb440dd07,0039h11yKaNdQsMX0q,Visit,2026-07-29 14:49:51,/blog,84,Synthetic Q3,direct,synthetic22.com,direct
880709,VIS-3eda69cf80,003HZ4IGKGzaSgbHG4,Download,2026-07-26 14:49:51,/blog,144,Synthetic Q3,direct,synthetic6.com,direct
880710,VIS-2302af5f46,003L0MuMZghJNwqjh4,Page View,2026-07-25 14:49:51,/pricing,479,Synthetic Q3,direct,synthetic20.com,direct
880711,VIS-74e2ce9bf4,003EKdMInBV6GmEMLf,Page View,2026-07-20 14:49:51,/demo,322,Synthetic Q3,direct,synthetic49.com,direct
880712,VIS-75563e30a1,,Download,2026-07-23 14:49:51,/home,89,Synthetic Q3,direct,synthetic45.com,direct
880713,VIS-35f40765be,,Visit,2026-07-09 14:49:51,/home,224,Synthetic Q3,direct,synthetic16.com,direct
880714,VIS-03ced6f4c5,003tUTWOdm01hWwCcn,Visit,2026-07-13 14:49:51,/pricing,395,Synthetic Q3,direct,synthetic16.com,direct
880715,VIS-c6e1357e07,,Visit,2026-08-03 14:49:51,/home,533,Synthetic Q3,direct,synthetic48.com,direct
880716,VIS-9d8753267d,003WiAKPzDh76PgfzI,Download,2026-07-16 14:49:51,/pricing,489,Synthetic Q3,direct,synthetic2.com,direct
880717,VIS-fe52e99f0b,0031OGBjulUcRPW6QJ,Visit,2026-07-24 14:49:51,/demo,166,Synthetic Q3,direct,synthetic12.com,direct
880718,VIS-a583c6e047,003r4D51qxeVwLzcs6,Visit,2026-07-14 14:49:51,/pricing,413,Synthetic Q3,direct,synthetic48.com,direct
880719,VIS-e07e0240d4,003hZ4MVviSMOozGX4,Download,2026-07-28 14:49:51,/pricing,386,Synthetic Q3,direct,synthetic40.com,direct
880720,VIS-e82e0f12fc,003nyTciwhhXrtxvcj,Download,2026-07-19 14:49:51,/demo,353,Synthetic Q3,direct,synthetic4.com,direct
880721,VIS-4a82e4c753,003scGNgE9Ko5tB7Zp,Page View,2026-07-21 14:49:51,/pricing,211,Synthetic Q3,direct,synthetic17.com,direct
880722,VIS-cb6716ec79,003lmxEymZ4EeuXLDC,Download,2026-07-26 14:49:51,/demo,254,Synthetic Q3,direct,synthetic27.com,direct
880723,VIS-8a294f593a,003oYFu7RVFPFKNjjh,Download,2026-07-20 14:49:51,/demo,536,Synthetic Q3,direct,synthetic46.com,direct
880724,VIS-3fa8f34c91,,Visit,2026-07-30 14:49:51,/demo,382,Synthetic Q3,direct,synthetic10.com,direct
880725,VIS-813fb386f9,003tUTWOdm01hWwCcn,Visit,2026-08-05 14:49:51,/home,356,Synthetic Q3,direct,synthetic48.com,direct
880726,VIS-b945b501b0,003ZkiThUYO645MX50,Visit,2026-07-20 14:49:51,/blog,239,Synthetic Q3,direct,synthetic33.com,direct
880727,VIS-67fdba7ee1,003EKdMInBV6GmEMLf,Visit,2026-07-25 14:49:51,/home,179,Synthetic Q3,direct,synthetic1.com,direct
880728,VIS-2f3e9945e2,,Visit,2026-07-30 14:49:51,/demo,497,Synthetic Q3,direct,synthetic35.com,direct
880729,VIS-c3a844f0a1,0036ggfOyu5lOoiRds,Page View,2026-07-20 14:49:51,/pricing,216,Synthetic Q3,direct,synthetic17.com,direct
880730,VIS-d21318490f,0036ggfOyu5lOoiRds,Visit,2026-07-20 14:49:51,/home,394,Synthetic Q3,direct,synthetic1.com,direct
880731,VIS-4f88e371ff,003dYjv81GyRxrYVZd,Download,2026-07-20 14:49:51,/pricing,460,Synthetic Q3,direct,synthetic13.com,direct
880732,VIS-f431093096,003OqD3080qYemLG33,Download,2026-07-15 14:49:51,/home,357,Synthetic Q3,direct,synthetic10.com,direct
880733,VIS-b27e348fba,003KapejHyWKMrBF8s,Page View,2026-08-08 14:49:51,/home,220,Synthetic Q3,direct,synthetic19.com,direct
880734,VIS-fb406513e9,003mPDMfGQ3KL6fIFI,Visit,2026-08-01 14:49:51,/home,63,Synthetic Q3,direct,synthetic30.com,direct
880735,VIS-fd1898a38e,,Download,2026-07-18 14:49:51,/demo,211,Synthetic Q3,direct,synthetic35.com,direct
880736,VIS-c0efb97d40,003PlarJiKnjtdynXG,Visit,2026-07-11 14:49:51,/home,576,Synthetic Q3,direct,synthetic40.com,direct
880737,VIS-4311164c81,0030K449daz8UlWn9O,Download,2026-08-08 14:49:51,/home,161,Synthetic Q3,direct,synthetic43.com,direct
880738,VIS-bed6c055bc,003dsI5wpbB7vRsHbZ,Visit,2026-07-31 14:49:51,/home,21,Synthetic Q3,direct,synthetic40.com,direct
880739,VIS-bb85a5c858,003JJHKX2utZs9IgWd,Visit,2026-07-09 14:49:51,/blog,174,Synthetic Q3,direct,synthetic36.com,direct
880740,VIS-6567a63e09,003Io0MNb89v2ihS9J,Page View,2026-07-18 14:49:51,/home,460,Synthetic Q3,direct,synthetic24.com,direct
880741,VIS-2a0f54e576,003WQTw5yAs1kgj1Tf,Download,2026-08-02 14:49:51,/home,105,Synthetic Q3,direct,synthetic20.com,direct
880742,VIS-82cde02799,,Visit,2026-08-04 14:49:51,/demo,147,Synthetic Q3,direct,synthetic8.com,direct
880743,VIS-44c8ce4eb6,003vAgIdgyGE6yPJIi,Visit,2026-08-08 14:49:51,/demo,264,Synthetic Q3,direct,synthetic14.com,direct
880744,VIS-5c22fea9bf,003uGNy8IQi1ljBY3X,Visit,2026-07-27 14:49:51,/pricing,48,Synthetic Q3,direct,synthetic27.com,direct
880745,VIS-b661a9b174,003ANLMUYEupyn6doh,Visit,2026-07-16 14:49:51,/demo,591,Synthetic Q3,direct,synthetic29.com,direct
880746,VIS-3cc1ea2468,0033oT1oMgDIIqjVPY,Visit,2026-08-08 14:49:51,/blog,243,Synthetic Q3,direct,synthetic9.com,direct
880747,VIS-f8dc8e0bd9,003aySE87omMJqDF6Q,Page View,2026-07-09 14:49:51,/blog,130,Synthetic Q3,direct,synthetic28.com,direct
880748,VIS-aed5c5bc48,003kc7Vrjt99wnCnuI,Page View,2026-08-07 14:49:51,/pricing,228,Synthetic Q3,direct,synthetic10.com,direct
880749,VIS-4a4f764069,003WiAKPzDh76PgfzI,Download,2026-08-03 14:49:51,/pricing,333,Synthetic Q3,direct,synthetic14.com,direct
880750,VIS-54c4a8e80c,003Za9KiY9BrELgzrF,Download,2026-07-29 14:49:51,/home,275,Synthetic Q3,direct,synthetic13.com,direct
880751,VIS-360d21505b,003UEDtrkJ1v6rXYjZ,Page View,2026-08-03 14:49:51,/home,263,Synthetic Q3,direct,synthetic45.com,direct
880752,VIS-8df416284d,003eLPgC6rDenWSUeZ,Download,2026-08-04 14:49:51,/demo,378,Synthetic Q3,direct,synthetic20.com,direct
880753,VIS-5e7109f62d,0031wowMLadP5s9QtC,Download,2026-07-28 14:49:51,/demo,453,Synthetic Q3,direct,synthetic27.com,direct
880754,VIS-65bf038e46,003rRS6epBraEvosla,Visit,2026-07-26 14:49:51,/pricing,93,Synthetic Q3,direct,synthetic46.com,direct
880755,VIS-856b19e56f,0031X3aQXinneSd6ox,Download,2026-08-02 14:49:51,/blog,551,Synthetic Q3,direct,synthetic48.com,direct
880756,VIS-67b144faae,003WW0KXROCLIxAWjX,Page View,2026-08-06 14:49:51,/pricing,366,Synthetic Q3,direct,synthetic10.com,direct
880757,VIS-7f566e4499,,Visit,2026-07-15 14:49:51,/home,264,Synthetic Q3,direct,synthetic46.com,direct
880758,VIS-79ef5f8790,003oIpgmJEuBN0sT4n,Page View,2026-07-15 14:49:51,/pricing,558,Synthetic Q3,direct,synthetic15.com,direct
880759,VIS-5dd755abf8,003HWsY6DKVBiTmxZz,Download,2026-07-19 14:49:51,/pricing,133,Synthetic Q3,direct,synthetic46.com,direct
880760,VIS-9a84b7d6a3,003UccZ6w4GoCBw9gz,Download,2026-08-08 14:49:51,/demo,399,Synthetic Q3,direct,synthetic28.com,direct
880761,VIS-00010e32d0,0032o8uiPCCJYfPAhZ,Page View,2026-07-30 14:49:51,/pricing,318,Synthetic Q3,direct,synthetic6.com,direct
880762,VIS-6050e3deaf,0032hQtWkPagN9tEir,Visit,2026-07-16 14:49:51,/demo,352,Synthetic Q3,direct,synthetic42.com,direct
880763,VIS-a2eb5aac3f,003ky4SUTp078vGhDw,Page View,2026-07-16 14:49:51,/pricing,451,Synthetic Q3,direct,synthetic26.com,direct
880764,VIS-7e081d32fa,003aN2ILf322HP2P2Y,Page View,2026-07-28 14:49:51,/demo,25,Synthetic Q3,direct,synthetic15.com,direct
880765,VIS-e7fbf9fa21,003am00YCamkNACIRI,Download,2026-08-04 14:49:51,/blog,45,Synthetic Q3,direct,synthetic5.com,direct
880766,VIS-1f6f81b017,0039h11yKaNdQsMX0q,Visit,2026-07-16 14:49:51,/home,464,Synthetic Q3,direct,synthetic25.com,direct
880767,VIS-19e4b670b9,003SxYtdvC6FxGCDgI,Page View,2026-07-14 14:49:51,/demo,76,Synthetic Q3,direct,synthetic36.com,direct
880768,VIS-292e692bc5,003S3SoYb5Krxgvg2i,Download,2026-07-31 14:49:51,/home,96,Synthetic Q3,direct,synthetic40.com,direct
880769,VIS-8f35a20be7,003V4YmwWnZLVYLHM0,Download,2026-07-24 14:49:51,/pricing,565,Synthetic Q3,direct,synthetic17.com,direct
880770,VIS-1aefe3c800,003BtIUAulKHMhjrMf,Page View,2026-07-13 14:49:51,/demo,24,Synthetic Q3,direct,synthetic44.com,direct
880771,VIS-9f2944f97a,003JJHKX2utZs9IgWd,Download,2026-07-29 14:49:51,/demo,581,Synthetic Q3,direct,synthetic8.com,direct
880772,VIS-f12ecd0373,003HWsY6DKVBiTmxZz,Download,2026-08-06 14:49:51,/blog,560,Synthetic Q3,direct,synthetic39.com,direct
880773,VIS-c7c9eb278d,003MEQnQqcro6sBO9W,Visit,2026-07-14 14:49:51,/pricing,328,Synthetic Q3,direct,synthetic0.com,direct
880774,VIS-7d224c69bd,003FU3jTt1S316vtjG,Visit,2026-07-11 14:49:51,/blog,11,Synthetic Q3,direct,synthetic27.com,direct
880775,VIS-9f2f0d879d,003WpGdB3NOx77K39E,Page View,2026-07-27 14:49:51,/home,472,Synthetic Q3,direct,synthetic40.com,direct
880776,VIS-340b336a02,,Download,2026-07-10 14:49:51,/home,319,Synthetic Q3,direct,synthetic7.com,direct
880777,VIS-94eba96f7d,003XunDRcRTHj4jHkf,Visit,2026-07-28 14:49:51,/home,399,Synthetic Q3,direct,synthetic47.com,direct
880778,VIS-6d4d0b5002,,Visit,2026-07-29 14:49:51,/blog,169,Synthetic Q3,direct,synthetic31.com,direct
880779,VIS-34a8a6a100,,Download,2026-07-24 14:49:51,/blog,194,Synthetic Q3,direct,synthetic19.com,direct
880780,VIS-add5797494,003eBwricO7Rdh1CrW,Download,2026-07-31 14:49:51,/blog,37,Synthetic Q3,direct,synthetic15.com,direct
880781,VIS-ef17baad4b,003R1kKTEA1kKoebwS,Page View,2026-07-13 14:49:51,/blog,340,Synthetic Q3,direct,synthetic27.com,direct
880782,VIS-0bbf4ec79c,003nwnAO9jM62Gvz7M,Visit,2026-07-18 14:49:51,/blog,479,Synthetic Q3,direct,synthetic5.com,direct
880783,VIS-3aa9cec9d0,003ExrK948JjdbM3Fx,Visit,2026-07-14 14:49:51,/blog,576,Synthetic Q3,direct,synthetic6.com,direct
880784,VIS-4ef887000e,003H3GICUgFeqMLNlY,Visit,2026-08-03 14:49:51,/blog,384,Synthetic Q3,direct,synthetic28.com,direct
880785,VIS-e9de9d9538,003ky4SUTp078vGhDw,Download,2026-07-30 14:49:51,/pricing,12,Synthetic Q3,direct,synthetic42.com,direct
880786,VIS-da6404794d,003EeB40uwFH7e8vG3,Page View,2026-07-20 14:49:51,/home,368,Synthetic Q3,direct,synthetic3.com,direct
880787,VIS-ea56452b15,003Y7RivyMQgIojSG5,Download,2026-07-29 14:49:51,/blog,293,Synthetic Q3,direct,synthetic23.com,direct
880788,VIS-4d6e99b2d8,003UEDtrkJ1v6rXYjZ,Visit,2026-07-24 14:49:51,/pricing,92,Synthetic Q3,direct,synthetic40.com,direct
880789,VIS-c85552468f,,Visit,2026-07-29 14:49:51,/blog,42,Synthetic Q3,direct,synthetic23.com,direct
880790,VIS-3737080767,003bq1CPsq45OBeUro,Download,2026-07-13 14:49:51,/blog,193,Synthetic Q3,direct,synthetic35.com,direct
880791,VIS-4581a628ad,003hDN4QoeLtGgru4D,Visit,2026-07-11 14:49:51,/pricing,95,Synthetic Q3,direct,synthetic7.com,direct
880792,VIS-436d5e3c98,003ky4SUTp078vGhDw,Download,2026-07-20 14:49:51,/blog,513,Synthetic Q3,direct,synthetic9.com,direct
880793,VIS-d39ba57ba6,003mbkaQ6EetZUE5Qh,Page View,2026-08-07 14:49:51,/demo,485,Synthetic Q3,direct,synthetic28.com,direct
880794,VIS-39e2feeb78,,Download,2026-07-12 14:49:51,/home,552,Synthetic Q3,direct,synthetic7.com,direct
880795,VIS-b41ce465c3,003UEDtrkJ1v6rXYjZ,Visit,2026-08-05 14:49:51,/blog,183,Synthetic Q3,direct,synthetic13.com,direct
880796,VIS-dadd426bbd,003ZWqz9thVJlFnvYA,Page View,2026-07-22 14:49:51,/blog,477,Synthetic Q3,direct,synthetic42.com,direct
880797,VIS-925bbe09f4,00317PlOuKl9K6Q4rp,Download,2026-07-29 14:49:51,/demo,171,Synthetic Q3,direct,synthetic39.com,direct
880798,VIS-6dab84973a,003IcUmKE17aJd4abI,Page View,2026-07-11 14:49:51,/home,144,Synthetic Q3,direct,synthetic21.com,direct
880799,VIS-ce4d06a015,003a2l5Nko8v9UnxHf,Page View,2026-07-29 14:49:51,/home,384,Synthetic Q3,direct,synthetic9.com,direct
880800,VIS-f2851a2e71,003KapejHyWKMrBF8s,Page View,2026-07-14 14:49:51,/demo,470,Synthetic Q3,direct,synthetic37.com,direct
880801,VIS-3b28e436ac,003bq1CPsq45OBeUro,Download,2026-07-30 14:49:51,/demo,222,Synthetic Q3,direct,synthetic3.com,direct
880802,VIS-d8fcbc5486,003ZkiThUYO645MX50,Visit,2026-08-06 14:49:51,/blog,498,Synthetic Q3,direct,synthetic27.com,direct
880803,VIS-dcbcb0518a,003iO8zreUdyemYhho,Visit,2026-08-04 14:49:51,/pricing,116,Synthetic Q3,direct,synthetic1.com,direct
880804,VIS-2ce11825c0,003OsszLzeqXwU1S7Y,Visit,2026-08-03 14:49:51,/pricing,260,Synthetic Q3,direct,synthetic17.com,direct
880805,VIS-8264250aea,003VYvpdgbED6MBSq6,Download,2026-07-20 14:49:51,/home,34,Synthetic Q3,direct,synthetic39.com,direct
880806,VIS-d5dc14f844,003A9EuVGIBAeVK9TH,Download,2026-07-24 14:49:51,/pricing,65,Synthetic Q3,direct,synthetic38.com,direct
880807,VIS-790fe2e784,003UiGIZsOZPJXQJqI,Page View,2026-07-31 14:49:51,/pricing,441,Synthetic Q3,direct,synthetic7.com,direct
880808,VIS-ce8824da51,003GnuPbxJbTFrcCcN,Page View,2026-08-04 14:49:51,/demo,62,Synthetic Q3,direct,synthetic21.com,direct
880809,VIS-53fa5b92bc,003sq5d0ucqWGfqj2N,Page View,2026-07-29 14:49:51,/pricing,460,Synthetic Q3,direct,synthetic9.com,direct
880810,VIS-bdf1e9d45e,003M71jc7GNwCMmZFj,Page View,2026-07-20 14:49:51,/demo,534,Synthetic Q3,direct,synthetic16.com,direct
880811,VIS-2950393c83,003iO8zreUdyemYhho,Page View,2026-07-16 14:49:51,/pricing,35,Synthetic Q3,direct,synthetic12.com,direct
880812,VIS-c6c3a2e4eb,003UiGIZsOZPJXQJqI,Page View,2026-08-03 14:49:51,/home,41,Synthetic Q3,direct,synthetic4.com,direct
880813,VIS-9c2b756510,003bnmKMCZ1DC7iJwm,Download,2026-07-26 14:49:51,/home,285,Synthetic Q3,direct,synthetic20.com,direct
880814,VIS-f56f0f4ab8,003hDN4QoeLtGgru4D,Page View,2026-07-16 14:49:51,/pricing,177,Synthetic Q3,direct,synthetic45.com,direct
880815,VIS-40b85b5f76,003FHcBq3CSqUlmUSQ,Visit,2026-07-23 14:49:51,/demo,128,Synthetic Q3,direct,synthetic32.com,direct
880816,VIS-34220bb0d5,003g2aPagCMkExa6uJ,Download,2026-07-28 14:49:51,/blog,533,Synthetic Q3,direct,synthetic21.com,direct
880817,VIS-6fd045870b,003oOoXFuPWB2TNJIa,Page View,2026-07-22 14:49:51,/demo,377,Synthetic Q3,direct,synthetic49.com,direct
880818,VIS-37f51eb361,003OM7hqfv3VVewykf,Visit,2026-07-09 14:49:51,/blog,122,Synthetic Q3,direct,synthetic27.com,direct
880819,VIS-a92cbb2957,003r4D51qxeVwLzcs6,Visit,2026-07-26 14:49:51,/blog,330,Synthetic Q3,direct,synthetic6.com,direct
880820,VIS-bf93fba8b1,003R1kKTEA1kKoebwS,Visit,2026-07-09 14:49:51,/demo,39,Synthetic Q3,direct,synthetic28.com,direct
880821,VIS-38e111ec9a,003yTfL6YED3WCsfkY,Visit,2026-07-21 14:49:51,/home,196,Synthetic Q3,direct,synthetic36.com,direct
880822,VIS-6cf3939cb4,003dsI5wpbB7vRsHbZ,Download,2026-07-16 14:49:51,/demo,171,Synthetic Q3,direct,synthetic36.com,direct
880823,VIS-e484508387,,Visit,2026-07-23 14:49:51,/demo,312,Synthetic Q3,direct,synthetic16.com,direct
880824,VIS-20b8705091,003Msby2sXTGyty6DE,Visit,2026-07-15 14:49:51,/pricing,367,Synthetic Q3,direct,synthetic32.com,direct
880825,VIS-0250c0c736,003ZTlCO3CJ1nDKrNm,Page View,2026-07-29 14:49:51,/pricing,165,Synthetic Q3,direct,synthetic12.com,direct
880826,VIS-1f9d50a41a,003bq1CPsq45OBeUro,Download,2026-07-31 14:49:51,/demo,250,Synthetic Q3,direct,synthetic34.com,direct
880827,VIS-2bc78adb49,,Page View,2026-07-12 14:49:51,/home,122,Synthetic Q3,direct,synthetic20.com,direct
880828,VIS-11227efd10,003Msby2sXTGyty6DE,Page View,2026-08-07 14:49:51,/pricing,600,Synthetic Q3,direct,synthetic19.com,direct
880829,VIS-41c375fc2a,0033oT1oMgDIIqjVPY,Download,2026-08-04 14:49:51,/pricing,447,Synthetic Q3,direct,synthetic25.com,direct
880830,VIS-386bc93e65,003ZkiThUYO645MX50,Page View,2026-07-31 14:49:51,/demo,581,Synthetic Q3,direct,synthetic31.com,direct
880831,VIS-c7437f25f9,,Page View,2026-07-28 14:49:51,/demo,331,Synthetic Q3,direct,synthetic5.com,direct
880832,VIS-2ec0ced246,003JsNaAib3qly7WcC,Page View,2026-07-12 14:49:51,/blog,434,Synthetic Q3,direct,synthetic34.com,direct
880833,VIS-fdb2ebbd4e,0035aVcHntdFxnMR0Y,Download,2026-08-01 14:49:51,/pricing,450,Synthetic Q3,direct,synthetic40.com,direct
880834,VIS-7dfb6629f4,003CA6sP5kM07nR41d,Visit,2026-08-08 14:49:51,/pricing,525,Synthetic Q3,direct,synthetic24.com,direct
880835,VIS-6bfd68e559,003tUTWOdm01hWwCcn,Visit,2026-07-21 14:49:51,/home,360,Synthetic Q3,direct,synthetic31.com,direct
880836,VIS-6e831ad0b7,003yyEWMbkWQd4gqaA,Visit,2026-08-02 14:49:51,/home,295,Synthetic Q3,direct,synthetic15.com,direct
880837,VIS-9294b8a26c,003TfHV52VM9pMaoOa,Download,2026-07-24 14:49:51,/home,524,Synthetic Q3,direct,synthetic32.com,direct
880838,VIS-179b382a62,0031TUmdQjKTz8Di9x,Visit,2026-07-19 14:49:51,/pricing,478,Synthetic Q3,direct,synthetic38.com,direct
880839,VIS-6d478cee61,003dYjv81GyRxrYVZd,Page View,2026-08-06 14:49:51,/demo,345,Synthetic Q3,direct,synthetic33.com,direct
880840,VIS-ee7713f1a3,0038s6EF3QuIZhqmMg,Download,2026-08-06 14:49:51,/demo,153,Synthetic Q3,direct,synthetic0.com,direct
880841,VIS-f18814ae13,003kPl1HtjT7rK2kDz,Visit,2026-07-25 14:49:51,/home,38,Synthetic Q3,direct,synthetic41.com,direct
880842,VIS-e29e176238,003a8t2RJEmxCGeEKR,Page View,2026-07-13 14:49:51,/blog,584,Synthetic Q3,direct,synthetic28.com,direct
880843,VIS-226dc38cf8,003F0LksDXXUIHD1OW,Download,2026-07-17 14:49:51,/home,290,Synthetic Q3,direct,synthetic27.com,direct
880844,VIS-e17e191330,,Visit,2026-07-31 14:49:51,/pricing,259,Synthetic Q3,direct,synthetic10.com,direct
880845,VIS-0b189689f7,003ZkiThUYO645MX50,Visit,2026-07-26 14:49:51,/demo,328,Synthetic Q3,direct,synthetic7.com,direct
880846,VIS-6759900b86,003ExrK948JjdbM3Fx,Download,2026-07-15 14:49:51,/blog,591,Synthetic Q3,direct,synthetic8.com,direct
880847,VIS-907814c207,003lmxEymZ4EeuXLDC,Page View,2026-08-04 14:49:51,/demo,567,Synthetic Q3,direct,synthetic33.com,direct
880848,VIS-32b2ff910d,003STssl5OW1MysFeW,Download,2026-08-04 14:49:51,/demo,597,Synthetic Q3,direct,synthetic39.com,direct
880849,VIS-a551c0389f,003ANLMUYEupyn6doh,Visit,2026-08-03 14:49:51,/home,338,Synthetic Q3,direct,synthetic44.com,direct
880850,VIS-75b80dfab9,0032hQtWkPagN9tEir,Page View,2026-07-16 14:49:51,/blog,442,Synthetic Q3,direct,synthetic48.com,direct
880851,VIS-b157a8b380,003UEDtrkJ1v6rXYjZ,Page View,2026-07-11 14:49:51,/demo,502,Synthetic Q3,direct,synthetic20.com,direct
880852,VIS-a3adddb861,003W8sVi2fhFQLFyBd,Visit,2026-07-24 14:49:51,/blog,397,Synthetic Q3,direct,synthetic8.com,direct
880853,VIS-88572d52af,003yTfL6YED3WCsfkY,Page View,2026-08-05 14:49:51,/home,140,Synthetic Q3,direct,synthetic23.com,direct
880854,VIS-22db8fb06d,003Juk5edp8Q6JD2zA,Page View,2026-07-26 14:49:51,/pricing,69,Synthetic Q3,direct,synthetic7.com,direct
880855,VIS-d091eb3a75,003r4D51qxeVwLzcs6,Visit,2026-07-20 14:49:51,/home,133,Synthetic Q3,direct,synthetic35.com,direct
880856,VIS-b92c547f09,003WKHJo7vILkXEdNs,Page View,2026-07-20 14:49:51,/pricing,92,Synthetic Q3,direct,synthetic19.com,direct
880857,VIS-d3e0f76860,003yTfL6YED3WCsfkY,Page View,2026-08-02 14:49:51,/home,153,Synthetic Q3,direct,synthetic24.com,direct
880858,VIS-a273cbce94,003u1nbbGQCp17JssU,Page View,2026-07-31 14:49:51,/home,509,Synthetic Q3,direct,synthetic27.com,direct
880859,VIS-dd6198195c,003STssl5OW1MysFeW,Visit,2026-07-18 14:49:51,/blog,281,Synthetic Q3,direct,synthetic37.com,direct
880860,VIS-67716e9daf,003sq5d0ucqWGfqj2N,Visit,2026-07-09 14:49:51,/pricing,99,Synthetic Q3,direct,synthetic43.com,direct
880861,VIS-0858509a26,003qyYGfepZjo5xZ4K,Page View,2026-07-25 14:49:51,/pricing,415,Synthetic Q3,direct,synthetic15.com,direct
880862,VIS-b1a3d827c1,003uGNy8IQi1ljBY3X,Visit,2026-07-10 14:49:51,/demo,304,Synthetic Q3,direct,synthetic13.com,direct
880863,VIS-bba9fa9c1f,0031X3aQXinneSd6ox,Visit,2026-07-24 14:49:51,/pricing,47,Synthetic Q3,direct,synthetic22.com,direct
880864,VIS-8a94956ea4,003ggVUbryh5J4p3XD,Download,2026-07-16 14:49:51,/home,400,Synthetic Q3,direct,synthetic29.com,direct
880865,VIS-f5289a69c0,003C74SCQjXvY4HpxA,Download,2026-08-07 14:49:51,/demo,94,Synthetic Q3,direct,synthetic2.com,direct
880866,VIS-7ac5dd4a7f,,Page View,2026-08-06 14:49:51,/home,183,Synthetic Q3,direct,synthetic9.com,direct
880867,VIS-97c17ca3a5,0037kmGPhtAQ2jsAZr,Visit,2026-07-11 14:49:51,/demo,53,Synthetic Q3,direct,synthetic47.com,direct
880868,VIS-0f6f17181a,003wzivcY8cwlGqwaF,Page View,2026-07-30 14:49:51,/pricing,328,Synthetic Q3,direct,synthetic21.com,direct
880869,VIS-ccf195ef4f,003HFvErA749OkrwR2,Visit,2026-08-06 14:49:51,/home,373,Synthetic Q3,direct,synthetic10.com,direct
880870,VIS-d392fefc9e,003eC3Tshq1NCla8Ea,Page View,2026-07-31 14:49:51,/blog,24,Synthetic Q3,direct,synthetic6.com,direct
880871,VIS-bcbf9a6fea,0032K6rBETG9eq1wLo,Download,2026-08-04 14:49:51,/pricing,246,Synthetic Q3,direct,synthetic31.com,direct
880872,VIS-8c9667ded7,,Download,2026-08-07 14:49:51,/demo,181,Synthetic Q3,direct,synthetic5.com,direct
880873,VIS-7da039f794,0031wowMLadP5s9QtC,Page View,2026-07-20 14:49:51,/demo,160,Synthetic Q3,direct,synthetic36.com,direct
880874,VIS-73907efdde,003dmsmqe7M8XfzPw5,Page View,2026-08-03 14:49:51,/pricing,494,Synthetic Q3,direct,synthetic49.com,direct
880875,VIS-7da13279da,003V4YmwWnZLVYLHM0,Page View,2026-07-15 14:49:51,/blog,345,Synthetic Q3,direct,synthetic47.com,direct
880876,VIS-6de668c3c7,0031X3aQXinneSd6ox,Page View,2026-07-31 14:49:51,/blog,446,Synthetic Q3,direct,synthetic21.com,direct
880877,VIS-d38b9f8c03,003Bt4b5AsyoWXxUa5,Download,2026-08-05 14:49:51,/demo,293,Synthetic Q3,direct,synthetic36.com,direct
880878,VIS-5c78e3c0f5,003ZkiThUYO645MX50,Visit,2026-07-15 14:49:51,/home,57,Synthetic Q3,direct,synthetic5.com,direct
880879,VIS-0dbf0256ef,003Yj7drRUwTr4eKrl,Page View,2026-07-17 14:49:51,/blog,502,Synthetic Q3,direct,synthetic13.com,direct
880880,VIS-28eeb57e9a,003oIpgmJEuBN0sT4n,Download,2026-07-20 14:49:51,/home,315,Synthetic Q3,direct,synthetic26.com,direct
880881,VIS-e0ff38e5ec,,Download,2026-07-10 14:49:51,/home,282,Synthetic Q3,direct,synthetic19.com,direct
880882,VIS-58be923ceb,003PrYXxJ4Xr4kcfFF,Download,2026-07-24 14:49:51,/demo,227,Synthetic Q3,direct,synthetic24.com,direct
880883,VIS-e3f3d0b5cf,00317PlOuKl9K6Q4rp,Page View,2026-07-28 14:49:51,/blog,350,Synthetic Q3,direct,synthetic47.com,direct
880884,VIS-31d6738a43,003nc5mIw8P8NRcGRn,Download,2026-08-03 14:49:51,/pricing,179,Synthetic Q3,direct,synthetic0.com,direct
880885,VIS-8cd9f2db4a,003NrnXYekhDH7qeKl,Visit,2026-08-03 14:49:51,/pricing,309,Synthetic Q3,direct,synthetic31.com,direct
880886,VIS-1c8617b498,003WKHJo7vILkXEdNs,Visit,2026-07-11 14:49:51,/pricing,562,Synthetic Q3,direct,synthetic22.com,direct
880887,VIS-f34791336a,003MxULytcqd27vKy2,Visit,2026-08-05 14:49:51,/pricing,159,Synthetic Q3,direct,synthetic40.com,direct
880888,VIS-ff31d46b22,003bZSjn4CIgGuO9Bt,Visit,2026-07-24 14:49:51,/pricing,397,Synthetic Q3,direct,synthetic48.com,direct
880889,VIS-692135b790,0035DBMPRVJxDz9ay5,Download,2026-07-26 14:49:51,/blog,271,Synthetic Q3,direct,synthetic45.com,direct
880890,VIS-369ffc7e46,003V4YmwWnZLVYLHM0,Download,2026-08-07 14:49:51,/blog,134,Synthetic Q3,direct,synthetic41.com,direct
880891,VIS-9a13d5e01e,003WKHJo7vILkXEdNs,Page View,2026-07-15 14:49:51,/demo,443,Synthetic Q3,direct,synthetic11.com,direct
880892,VIS-aab89485f7,003zS41s6PVc5Nep09,Visit,2026-08-07 14:49:51,/blog,292,Synthetic Q3,direct,synthetic28.com,direct
880893,VIS-8e564a1f75,0038s6EF3QuIZhqmMg,Download,2026-07-16 14:49:51,/home,197,Synthetic Q3,direct,synthetic17.com,direct
880894,VIS-622bbf8cd7,003CyHZ3CXY9SI8b0M,Page View,2026-07-13 14:49:51,/home,187,Synthetic Q3,direct,synthetic40.com,direct
880895,VIS-2dcf6bdc87,003JJHKX2utZs9IgWd,Visit,2026-07-17 14:49:51,/pricing,251,Synthetic Q3,direct,synthetic38.com,direct
880896,VIS-010b7e9e5e,003a2l5Nko8v9UnxHf,Visit,2026-07-23 14:49:51,/blog,384,Synthetic Q3,direct,synthetic36.com,direct
880897,VIS-fecb61f519,003oYFu7RVFPFKNjjh,Visit,2026-07-22 14:49:51,/home,274,Synthetic Q3,direct,synthetic5.com,direct
880898,VIS-2bbbd7ae0a,,Visit,2026-07-23 14:49:51,/home,382,Synthetic Q3,direct,synthetic36.com,direct
880899,VIS-541433f8b3,,Visit,2026-07-18 14:49:51,/pricing,329,Synthetic Q3,direct,synthetic4.com,direct
880900,VIS-f25564f9e6,003oYFu7RVFPFKNjjh,Visit,2026-08-01 14:49:51,/home,81,Synthetic Q3,direct,synthetic3.com,direct
880901,VIS-e4ef873af5,0031OGBjulUcRPW6QJ,Page View,2026-07-31 14:49:51,/pricing,372,Synthetic Q3,direct,synthetic45.com,direct
880902,VIS-b64138e4cd,003B35JILDNPRoE81z,Page View,2026-07-27 14:49:51,/pricing,305,Synthetic Q3,direct,synthetic3.com,direct
880903,VIS-30c979a065,003bq1CPsq45OBeUro,Visit,2026-07-23 14:49:51,/blog,158,Synthetic Q3,direct,synthetic40.com,direct
880904,VIS-0f927b7c33,003yTfL6YED3WCsfkY,Visit,2026-07-31 14:49:51,/demo,239,Synthetic Q3,direct,synthetic7.com,direct
880905,VIS-18b3a3940e,003ZlqXgLz8RmcDNr2,Download,2026-07-29 14:49:51,/home,151,Synthetic Q3,direct,synthetic41.com,direct
880906,VIS-7bc460c636,,Page View,2026-07-13 14:49:51,/pricing,505,Synthetic Q3,direct,synthetic25.com,direct
880907,VIS-dd59aa812b,,Visit,2026-08-06 14:49:51,/pricing,495,Synthetic Q3,direct,synthetic9.com,direct
880908,VIS-c4daecafb8,,Page View,2026-08-08 14:49:51,/blog,103,Synthetic Q3,direct,synthetic27.com,direct
880909,VIS-10162087cd,003nc5mIw8P8NRcGRn,Download,2026-07-25 14:49:51,/pricing,414,Synthetic Q3,direct,synthetic9.com,direct
880910,VIS-82595d0cb3,003GnuPbxJbTFrcCcN,Page View,2026-07-31 14:49:51,/demo,393,Synthetic Q3,direct,synthetic42.com,direct
880911,VIS-62d193c18c,,Page View,2026-07-16 14:49:51,/blog,513,Synthetic Q3,direct,synthetic12.com,direct
880912,VIS-a6c3a71c55,003FU3jTt1S316vtjG,Download,2026-07-25 14:49:51,/demo,156,Synthetic Q3,direct,synthetic46.com,direct
880913,VIS-a05b0d00dd,,Page View,2026-08-08 14:49:51,/home,154,Synthetic Q3,direct,synthetic43.com,direct
880914,VIS-6088a3c310,003p1CqT3etRjGqkgN,Visit,2026-07-24 14:49:51,/demo,440,Synthetic Q3,direct,synthetic30.com,direct
880915,VIS-3f1bcfecfd,0031wowMLadP5s9QtC,Download,2026-07-09 14:49:51,/blog,43,Synthetic Q3,direct,synthetic48.com,direct
880916,VIS-ff1cbd067d,003iA4LZFxvE4X2ini,Visit,2026-08-04 14:49:51,/home,568,Synthetic Q3,direct,synthetic10.com,direct
880917,VIS-dcec208005,003am00YCamkNACIRI,Visit,2026-07-12 14:49:51,/home,210,Synthetic Q3,direct,synthetic40.com,direct
880918,VIS-f1b3cef239,003v0tQ7d4IKGfk753,Visit,2026-07-13 14:49:51,/home,490,Synthetic Q3,direct,synthetic37.com,direct
880919,VIS-a4e48287fc,,Page View,2026-07-15 14:49:51,/home,508,Synthetic Q3,direct,synthetic42.com,direct
880920,VIS-ee29a4246e,003IKoDEdMDHvPpoHj,Page View,2026-07-31 14:49:51,/demo,513,Synthetic Q3,direct,synthetic48.com,direct
880921,VIS-19898d16c8,003Pfbj5xaYxYA9oFL,Download,2026-07-22 14:49:51,/pricing,211,Synthetic Q3,direct,synthetic11.com,direct
880922,VIS-fe6d70e7f3,003dYjv81GyRxrYVZd,Page View,2026-07-21 14:49:51,/pricing,514,Synthetic Q3,direct,synthetic32.com,direct
880923,VIS-5d06c18565,003OM7hqfv3VVewykf,Download,2026-07-22 14:49:51,/home,454,Synthetic Q3,direct,synthetic37.com,direct
880924,VIS-fda0e354ae,003kc7Vrjt99wnCnuI,Visit,2026-07-15 14:49:51,/pricing,236,Synthetic Q3,direct,synthetic1.com,direct
880925,VIS-e41e51e82d,003V4Sd0LKv5TLJcCf,Visit,2026-07-22 14:49:51,/pricing,481,Synthetic Q3,direct,synthetic38.com,direct
880926,VIS-5557ce2b7c,003JJHKX2utZs9IgWd,Download,2026-07-18 14:49:51,/pricing,43,Synthetic Q3,direct,synthetic6.com,direct
880927,VIS-af0f6e88b2,003EeB40uwFH7e8vG3,Page View,2026-07-27 14:49:51,/pricing,24,Synthetic Q3,direct,synthetic6.com,direct
880928,VIS-626a7c954b,003JZ6Ee0rgVX1uEGS,Visit,2026-08-05 14:49:51,/home,330,Synthetic Q3,direct,synthetic34.com,direct
880929,VIS-385ba5bb8d,,Download,2026-08-04 14:49:51,/home,18,Synthetic Q3,direct,synthetic41.com,direct
880930,VIS-ad98f29a3d,003WKHJo7vILkXEdNs,Visit,2026-07-20 14:49:51,/blog,393,Synthetic Q3,direct,synthetic33.com,direct
880931,VIS-7e5f6be7c4,003gfHYfqmctMBdlwx,Visit,2026-08-03 14:49:51,/demo,464,Synthetic Q3,direct,synthetic5.com,direct
880932,VIS-932df59324,003GnuPbxJbTFrcCcN,Download,2026-07-19 14:49:51,/demo,287,Synthetic Q3,direct,synthetic44.com,direct
880933,VIS-a44ed21355,003bZSjn4CIgGuO9Bt,Visit,2026-07-23 14:49:51,/home,318,Synthetic Q3,direct,synthetic38.com,direct
880934,VIS-972930a252,003qtxVJO8s7qfMUrr,Download,2026-07-26 14:49:51,/demo,72,Synthetic Q3,direct,synthetic20.com,direct
880935,VIS-75efef29e5,003V4Sd0LKv5TLJcCf,Page View,2026-08-07 14:49:51,/blog,67,Synthetic Q3,direct,synthetic5.com,direct
880936,VIS-8d17cb6682,003oOoXFuPWB2TNJIa,Download,2026-07-12 14:49:51,/pricing,44,Synthetic Q3,direct,synthetic17.com,direct
880937,VIS-742ba31a2f,003H3GICUgFeqMLNlY,Download,2026-08-03 14:49:51,/pricing,331,Synthetic Q3,direct,synthetic15.com,direct
880938,VIS-ac820c2217,003ZTlCO3CJ1nDKrNm,Visit,2026-07-18 14:49:51,/pricing,78,Synthetic Q3,direct,synthetic26.com,direct
880939,VIS-274fb9a2d0,003thPQopTVn24nhFy,Download,2026-07-17 14:49:51,/home,28,Synthetic Q3,direct,synthetic45.com,direct
880940,VIS-ffb10440c9,003NrnXYekhDH7qeKl,Page View,2026-07-18 14:49:51,/pricing,406,Synthetic Q3,direct,synthetic47.com,direct
880941,VIS-f9ab22a588,003S3SoYb5Krxgvg2i,Visit,2026-07-19 14:49:51,/home,406,Synthetic Q3,direct,synthetic17.com,direct
880942,VIS-031825e18b,003tUTWOdm01hWwCcn,Page View,2026-08-07 14:49:51,/demo,406,Synthetic Q3,direct,synthetic45.com,direct
880943,VIS-afe5fbac9e,003oYFu7RVFPFKNjjh,Page View,2026-07-12 14:49:51,/pricing,297,Synthetic Q3,direct,synthetic49.com,direct
880944,VIS-c485a69848,003C74SCQjXvY4HpxA,Page View,2026-07-15 14:49:51,/demo,262,Synthetic Q3,direct,synthetic23.com,direct
880945,VIS-4115ec5115,003vAgIdgyGE6yPJIi,Visit,2026-07-13 14:49:51,/blog,570,Synthetic Q3,direct,synthetic47.com,direct
880946,VIS-e209771711,003C74SCQjXvY4HpxA,Download,2026-07-28 14:49:51,/demo,114,Synthetic Q3,direct,synthetic48.com,direct
880947,VIS-ad2ad8dfce,003nyTciwhhXrtxvcj,Visit,2026-07-27 14:49:51,/demo,36,Synthetic Q3,direct,synthetic4.com,direct
880948,VIS-b61e3295ff,003nwnAO9jM62Gvz7M,Visit,2026-08-01 14:49:51,/blog,191,Synthetic Q3,direct,synthetic44.com,direct
880949,VIS-ec76bda34c,003V4YmwWnZLVYLHM0,Page View,2026-07-09 14:49:51,/demo,78,Synthetic Q3,direct,synthetic16.com,direct
880950,VIS-3a012fa1d9,003zS41s6PVc5Nep09,Visit,2026-08-08 14:49:51,/home,61,Synthetic Q3,direct,synthetic13.com,direct
880951,VIS-0efb709da9,003R1kKTEA1kKoebwS,Download,2026-07-30 14:49:51,/home,482,Synthetic Q3,direct,synthetic45.com,direct
880952,VIS-542700178a,003am00YCamkNACIRI,Visit,2026-08-03 14:49:51,/blog,213,Synthetic Q3,direct,synthetic46.com,direct
880953,VIS-03711d9b83,003plZcDrHu8yJJZq6,Page View,2026-07-31 14:49:51,/blog,48,Synthetic Q3,direct,synthetic37.com,direct
880954,VIS-7a80e4490a,0039h11yKaNdQsMX0q,Download,2026-07-19 14:49:51,/pricing,359,Synthetic Q3,direct,synthetic1.com,direct
880955,VIS-a0d72cb688,003MEQnQqcro6sBO9W,Page View,2026-07-20 14:49:51,/blog,474,Synthetic Q3,direct,synthetic17.com,direct
880956,VIS-cb95f64066,0033oV2IxP2drsU7vC,Page View,2026-07-09 14:49:51,/blog,363,Synthetic Q3,direct,synthetic17.com,direct
880957,VIS-c8edc021fd,003nwnAO9jM62Gvz7M,Visit,2026-07-27 14:49:51,/home,447,Synthetic Q3,direct,synthetic45.com,direct
880958,VIS-47aa3ac290,003FHcBq3CSqUlmUSQ,Download,2026-07-24 14:49:51,/pricing,412,Synthetic Q3,direct,synthetic34.com,direct
880959,VIS-e468860dab,0030K449daz8UlWn9O,Visit,2026-07-25 14:49:51,/blog,120,Synthetic Q3,direct,synthetic26.com,direct
880960,VIS-e3eb5361f5,003D0ssLQiNCM8CTzE,Page View,2026-07-19 14:49:51,/blog,380,Synthetic Q3,direct,synthetic24.com,direct
880961,VIS-a903380b51,0032o8uiPCCJYfPAhZ,Page View,2026-07-11 14:49:51,/home,257,Synthetic Q3,direct,synthetic2.com,direct
880962,VIS-239ce5c2e5,,Page View,2026-07-24 14:49:51,/blog,28,Synthetic Q3,direct,synthetic21.com,direct
880963,VIS-cf9e73d256,003PrYXxJ4Xr4kcfFF,Visit,2026-08-02 14:49:51,/home,105,Synthetic Q3,direct,synthetic33.com,direct
880964,VIS-e78be638c7,003F02yhBL7WKrAu0p,Download,2026-07-28 14:49:51,/pricing,398,Synthetic Q3,direct,synthetic32.com,direct
880965,VIS-bab6396d20,003uq0P0HQAArApesb,Page View,2026-07-20 14:49:51,/blog,121,Synthetic Q3,direct,synthetic43.com,direct
880966,VIS-3ba2c78627,003WpGdB3NOx77K39E,Visit,2026-07-29 14:49:51,/pricing,264,Synthetic Q3,direct,synthetic19.com,direct
880967,VIS-df1d004bc6,003L0MuMZghJNwqjh4,Download,2026-08-01 14:49:51,/pricing,534,Synthetic Q3,direct,synthetic18.com,direct
880968,VIS-c6b4a5147a,003p1CqT3etRjGqkgN,Page View,2026-08-01 14:49:51,/pricing,477,Synthetic Q3,direct,synthetic49.com,direct
880969,VIS-42e8485001,003Pwmi3Rx6g1pnLo7,Visit,2026-07-19 14:49:51,/pricing,359,Synthetic Q3,direct,synthetic23.com,direct
880970,VIS-534ed488c5,003Yj7drRUwTr4eKrl,Page View,2026-07-15 14:49:51,/home,35,Synthetic Q3,direct,synthetic46.com,direct
880971,VIS-2c47639e65,003K7n9qQChPfuKd4T,Page View,2026-07-13 14:49:51,/blog,313,Synthetic Q3,direct,synthetic7.com,direct
880972,VIS-4190a060fd,003HWsY6DKVBiTmxZz,Download,2026-07-27 14:49:51,/demo,427,Synthetic Q3,direct,synthetic2.com,direct
880973,VIS-a7f7394073,003uq0P0HQAArApesb,Download,2026-07-11 14:49:51,/blog,127,Synthetic Q3,direct,synthetic33.com,direct
880974,VIS-f00ccb2471,,Page View,2026-07-21 14:49:51,/home,283,Synthetic Q3,direct,synthetic46.com,direct
880975,VIS-f5de3bed23,003DHFHPaoCpPboGv7,Download,2026-07-18 14:49:51,/home,399,Synthetic Q3,direct,synthetic29.com,direct
880976,VIS-11201e609d,003JZ6Ee0rgVX1uEGS,Visit,2026-07-23 14:49:51,/pricing,435,Synthetic Q3,direct,synthetic8.com,direct
880977,VIS-855395e32d,003jcF6FvoYjxs8M1G,Download,2026-07-30 14:49:51,/home,191,Synthetic Q3,direct,synthetic23.com,direct
880978,VIS-eb8a333433,003ky4SUTp078vGhDw,Page View,2026-07-20 14:49:51,/pricing,169,Synthetic Q3,direct,synthetic0.com,direct
880979,VIS-962f6482ef,003ZkiThUYO645MX50,Visit,2026-08-02 14:49:51,/home,463,Synthetic Q3,direct,synthetic39.com,direct
880980,VIS-66ec138adc,0030Ji4C8f1xPPvSsN,Page View,2026-07-12 14:49:51,/blog,306,Synthetic Q3,direct,synthetic40.com,direct
880981,VIS-09d31c6446,003PrYXxJ4Xr4kcfFF,Download,2026-07-11 14:49:51,/demo,301,Synthetic Q3,direct,synthetic36.com,direct
880982,VIS-d61c33cc0a,003HUGqFG1JTasdL9P,Page View,2026-07-31 14:49:51,/blog,102,Synthetic Q3,direct,synthetic24.com,direct
880983,VIS-9d761c9ff9,003LeNEo98W5WUcEKc,Visit,2026-08-02 14:49:51,/home,585,Synthetic Q3,direct,synthetic8.com,direct
880984,VIS-d26b6e5bd5,0033oV2IxP2drsU7vC,Download,2026-07-25 14:49:51,/blog,293,Synthetic Q3,direct,synthetic13.com,direct
880985,VIS-e66d17d9ad,0030K449daz8UlWn9O,Download,2026-07-21 14:49:51,/blog,166,Synthetic Q3,direct,synthetic32.com,direct
880986,VIS-ca657ebd2e,003eBwricO7Rdh1CrW,Visit,2026-07-18 14:49:51,/demo,177,Synthetic Q3,direct,synthetic41.com,direct
880987,VIS-47a8b61428,,Visit,2026-07-12 14:49:51,/pricing,58,Synthetic Q3,direct,synthetic48.com,direct
880988,VIS-ededd549c6,003mPDMfGQ3KL6fIFI,Download,2026-07-16 14:49:51,/blog,315,Synthetic Q3,direct,synthetic4.com,direct
880989,VIS-93bdf603c8,,Page View,2026-07-23 14:49:51,/demo,297,Synthetic Q3,direct,synthetic23.com,direct
880990,VIS-489f7b769c,003WpGdB3NOx77K39E,Download,2026-08-07 14:49:51,/blog,505,Synthetic Q3,direct,synthetic3.com,direct
880991,VIS-452e672cc6,003A9EuVGIBAeVK9TH,Page View,2026-08-08 14:49:51,/demo,307,Synthetic Q3,direct,synthetic34.com,direct
880992,VIS-f6ae84a545,0036ggfOyu5lOoiRds,Page View,2026-08-04 14:49:51,/home,234,Synthetic Q3,direct,synthetic14.com,direct
880993,VIS-f268cb712b,003Juk5edp8Q6JD2zA,Visit,2026-08-07 14:49:51,/pricing,479,Synthetic Q3,direct,synthetic37.com,direct
880994,VIS-63e43bf04c,00363WUjXJ1DAXzB0Q,Visit,2026-07-31 14:49:51,/demo,313,Synthetic Q3,direct,synthetic12.com,direct
880995,VIS-6d0802037e,0031OGBjulUcRPW6QJ,Visit,2026-08-01 14:49:51,/home,478,Synthetic Q3,direct,synthetic36.com,direct
880996,VIS-8203064c55,003R1kKTEA1kKoebwS,Page View,2026-07-13 14:49:51,/demo,565,Synthetic Q3,direct,synthetic31.com,direct
880997,VIS-13ac21838f,0035DBMPRVJxDz9ay5,Visit,2026-07-12 14:49:51,/pricing,46,Synthetic Q3,direct,synthetic34.com,direct
880998,VIS-6ca9649315,003am00YCamkNACIRI,Visit,2026-08-01 14:49:51,/home,140,Synthetic Q3,direct,synthetic17.com,direct
880999,VIS-4017cf0af5,003io8sgsYfGZDhUar,Page View,2026-08-04 14:49:51,/pricing,459,Synthetic Q3,direct,synthetic18.com,direct
881000,VIS-aa1c35b147,003FHcBq3CSqUlmUSQ,Visit,2026-07-15 14:49:51,/demo,479,Synthetic Q3,direct,synthetic16.com,direct
881001,VIS-bda85a2d9c,003gfHYfqmctMBdlwx,Page View,2026-07-27 14:49:51,/pricing,417,Synthetic Q3,direct,synthetic19.com,direct
881002,VIS-846af3e46c,003nc5mIw8P8NRcGRn,Download,2026-08-01 14:49:51,/pricing,400,Synthetic Q3,direct,synthetic29.com,direct
881003,VIS-ed7411d3bd,003ZTlCO3CJ1nDKrNm,Download,2026-08-08 14:49:51,/home,200,Synthetic Q3,direct,synthetic18.com,direct
881004,VIS-8649503aa7,003g3NQhzU7roJm1uz,Page View,2026-07-28 14:49:51,/home,248,Synthetic Q3,direct,synthetic1.com,direct
881005,VIS-872bb1704d,003aySE87omMJqDF6Q,Page View,2026-07-16 14:49:51,/home,202,Synthetic Q3,direct,synthetic9.com,direct
881006,VIS-04e360bd69,003D0ssLQiNCM8CTzE,Download,2026-07-26 14:49:51,/blog,552,Synthetic Q3,direct,synthetic17.com,direct
881007,VIS-b8be479127,003LuGlehgwsijtcQP,Visit,2026-08-05 14:49:51,/home,127,Synthetic Q3,direct,synthetic38.com,direct
881008,VIS-2b42328213,003VYvpdgbED6MBSq6,Visit,2026-07-24 14:49:51,/home,421,Synthetic Q3,direct,synthetic48.com,direct
881009,VIS-d0e6c6afa4,0039h11yKaNdQsMX0q,Page View,2026-07-10 14:49:51,/blog,395,Synthetic Q3,direct,synthetic25.com,direct
881010,VIS-e83b0f8b85,003FHcBq3CSqUlmUSQ,Page View,2026-08-07 14:49:51,/blog,166,Synthetic Q3,direct,synthetic43.com,direct
881011,VIS-a6eb6e2f98,003am00YCamkNACIRI,Page View,2026-08-06 14:49:51,/home,539,Synthetic Q3,direct,synthetic21.com,direct
881012,VIS-9780f4c260,,Page View,2026-07-21 14:49:51,/home,49,Synthetic Q3,direct,synthetic2.com,direct
881013,VIS-02d647b2a4,,Page View,2026-07-17 14:49:51,/pricing,466,Synthetic Q3,direct,synthetic1.com,direct
881014,VIS-202cc18b20,003tc7W8vQqRd7HuGT,Page View,2026-07-26 14:49:51,/demo,454,Synthetic Q3,direct,synthetic8.com,direct
881015,VIS-7d410bb3f2,003S3SoYb5Krxgvg2i,Page View,2026-07-29 14:49:51,/blog,172,Synthetic Q3,direct,synthetic4.com,direct
881016,VIS-10d080f373,003mPDMfGQ3KL6fIFI,Download,2026-07-15 14:49:51,/pricing,572,Synthetic Q3,direct,synthetic10.com,direct
881017,VIS-2265e37c5c,003dmsmqe7M8XfzPw5,Download,2026-07-10 14:49:51,/pricing,586,Synthetic Q3,direct,synthetic12.com,direct
881018,VIS-8e270887ab,003740ApA0pHXafGve,Visit,2026-08-05 14:49:51,/demo,153,Synthetic Q3,direct,synthetic5.com,direct
881019,VIS-3075d15463,,Download,2026-08-01 14:49:51,/pricing,76,Synthetic Q3,direct,synthetic43.com,direct
881020,VIS-28d797477f,003Juk5edp8Q6JD2zA,Download,2026-07-16 14:49:51,/blog,423,Synthetic Q3,direct,synthetic19.com,direct
881021,VIS-bf082d93a7,003ANLMUYEupyn6doh,Download,2026-07-13 14:49:51,/demo,304,Synthetic Q3,direct,synthetic1.com,direct
881022,VIS-66e87425d0,,Visit,2026-07-09 14:49:51,/home,518,Synthetic Q3,direct,synthetic12.com,direct
881023,VIS-a9632c8ecb,0032o8uiPCCJYfPAhZ,Download,2026-07-23 14:49:51,/home,119,Synthetic Q3,direct,synthetic49.com,direct
881024,VIS-d30353fae7,003kcmB8D2Am8hcivD,Visit,2026-08-08 14:49:51,/home,299,Synthetic Q3,direct,synthetic36.com,direct
881025,VIS-148bf12d9f,003CA6sP5kM07nR41d,Download,2026-07-28 14:49:51,/demo,189,Synthetic Q3,direct,synthetic49.com,direct
881026,VIS-95a2191be9,003CyHZ3CXY9SI8b0M,Visit,2026-07-11 14:49:51,/pricing,31,Synthetic Q3,direct,synthetic10.com,direct
881027,VIS-b143a75810,,Download,2026-07-23 14:49:51,/pricing,545,Synthetic Q3,direct,synthetic7.com,direct
881028,VIS-40c05db754,003rRS6epBraEvosla,Page View,2026-07-26 14:49:51,/pricing,186,Synthetic Q3,direct,synthetic46.com,direct
881029,VIS-d90e7a94f1,003a8t2RJEmxCGeEKR,Page View,2026-07-20 14:49:51,/blog,35,Synthetic Q3,direct,synthetic11.com,direct
881030,VIS-4470329211,003740ApA0pHXafGve,Page View,2026-07-14 14:49:51,/pricing,458,Synthetic Q3,direct,synthetic0.com,direct
881031,VIS-a692ed41dd,003BtIUAulKHMhjrMf,Visit,2026-07-14 14:49:51,/pricing,263,Synthetic Q3,direct,synthetic42.com,direct
881032,VIS-51280e476f,003STssl5OW1MysFeW,Download,2026-07-18 14:49:51,/pricing,340,Synthetic Q3,direct,synthetic0.com,direct
881033,VIS-36a8555e82,003WqJYNGykUTnwhuQ,Download,2026-08-05 14:49:51,/blog,331,Synthetic Q3,direct,synthetic28.com,direct
881034,VIS-effc51d6f3,003oOoXFuPWB2TNJIa,Visit,2026-07-11 14:49:51,/pricing,262,Synthetic Q3,direct,synthetic30.com,direct
881035,VIS-85800ace89,003j5rpvIFLeipQE9m,Download,2026-08-02 14:49:51,/home,456,Synthetic Q3,direct,synthetic49.com,direct
881036,VIS-8bfe4b909c,003WKHJo7vILkXEdNs,Visit,2026-07-25 14:49:51,/blog,418,Synthetic Q3,direct,synthetic10.com,direct
881037,VIS-32ef547f0c,003L0MuMZghJNwqjh4,Visit,2026-07-23 14:49:51,/home,314,Synthetic Q3,direct,synthetic42.com,direct
881038,VIS-9c9f45fedf,003zbPqjLtGxeX04vC,Visit,2026-08-02 14:49:51,/home,377,Synthetic Q3,direct,synthetic16.com,direct
881039,VIS-e53c7e70e7,003WQTw5yAs1kgj1Tf,Page View,2026-07-24 14:49:51,/pricing,487,Synthetic Q3,direct,synthetic17.com,direct
881040,VIS-473ca91072,003UccZ6w4GoCBw9gz,Download,2026-07-09 14:49:51,/home,466,Synthetic Q3,direct,synthetic16.com,direct
881041,VIS-1f7f0303fc,003bnmKMCZ1DC7iJwm,Page View,2026-08-05 14:49:51,/pricing,307,Synthetic Q3,direct,synthetic31.com,direct
881042,VIS-4567b26baf,003BVlCXZnz6u8vxfi,Page View,2026-08-04 14:49:51,/demo,53,Synthetic Q3,direct,synthetic1.com,direct
881043,VIS-aecabb08d6,0033oT1oMgDIIqjVPY,Download,2026-08-02 14:49:51,/blog,136,Synthetic Q3,direct,synthetic13.com,direct
881044,VIS-64d920cfae,003u1nbbGQCp17JssU,Download,2026-07-14 14:49:51,/demo,33,Synthetic Q3,direct,synthetic28.com,direct
881045,VIS-943e31a8a1,003cpBpWxbIMBnVel1,Visit,2026-07-17 14:49:51,/home,570,Synthetic Q3,direct,synthetic48.com,direct
881046,VIS-1ed4ced827,003OM7hqfv3VVewykf,Download,2026-07-18 14:49:51,/pricing,201,Synthetic Q3,direct,synthetic9.com,direct
